1001,3 KAT 60MG TAB,##,dummy,TAB,NOS,8,1,3004,12,0,1,0,0,0,0,0,1,0,0,TRY,0,FALSE,1,1
1002,ABX MINDI-10L,##,dummy,TAB,NOS,8,1,3004,12,0,1,0,0,0,0,0,1,0,0,TRY,0,FALSE,1,1
1003,ABX MINI CLEAN 1L,##,dummy,TAB,NOS,8,1,3004,12,0,1,0,0,0,0,0,1,0,0,TRY,0,FALSE,1,1
1004,ABX MINOCLAIR 100ML,##,dummy,TAB,NOS,8,1,3004,12,0,1,0,0,0,0,0,1,0,0,TRY,0,FALSE,1,1
1005,ACCUSURE BLOOD LANCET,##,dummy,TAB,NOS,8,1,3004,12,0,1,0,0,0,0,0,1,0,0,TRY,0,FALSE,1,1
1006,ACCUSURE SIMPLE GLUCO METER,##,dummy,TAB,NOS,8,1,3004,12,0,1,0,0,0,0,0,1,0,0,TRY,0,FALSE,1,1
1007,ACCUSURE TK BP MONITER DIGITAL,##,dummy,TAB,NOS,8,1,3004,12,0,1,0,0,0,0,0,1,0,0,TRY,0,FALSE,1,1
1008,ACTIVE NORMAL EXTRA LARGE 10S,##,dummy,TAB,NOS,8,1,3004,12,0,1,0,0,0,0,0,1,0,0,TRY,0,FALSE,1,1
1009,ACTIVE NORMAL LARGE10S,##,dummy,TAB,NOS,8,1,3004,12,0,1,0,0,0,0,0,1,0,0,TRY,0,FALSE,1,1
1010,ACTIVE NORMAL MEDIUM 10S,##,dummy,TAB,NOS,8,1,3004,12,0,1,0,0,0,0,0,1,0,0,TRY,0,FALSE,1,1
1011,AERO NEB NEBULIZER MASK ADU,##,dummy,TAB,NOS,8,1,3004,12,0,1,0,0,0,0,0,1,0,0,TRY,0,FALSE,1,1
1012,AEROCORT INHALER,##,dummy,TAB,NOS,8,1,3004,12,0,1,0,0,0,0,0,1,0,0,TRY,0,FALSE,1,1
1013,AFEMAC PLUS TAB,##,dummy,TAB,NOS,8,1,3004,12,0,1,0,0,0,0,0,1,0,0,TRY,0,FALSE,1,1
1014,AKT 3 KIT,##,dummy,TAB,NOS,8,1,3004,12,0,1,0,0,0,0,0,1,0,0,TRY,0,FALSE,1,1
1015,ALMOX 250MG CAP,##,dummy,TAB,NOS,8,1,3004,12,0,1,0,0,0,0,0,1,0,0,TRY,0,FALSE,1,1
1016,ALMOX 500MG CAP,##,dummy,TAB,NOS,8,1,3004,12,0,1,0,0,0,0,0,1,0,0,TRY,0,FALSE,1,1
1017,AMLIP 2.5MG TAB,##,dummy,TAB,NOS,8,1,3004,12,0,1,0,0,0,0,0,1,0,0,TRY,0,FALSE,1,1
1018,AMLIP 5MG TAB,##,dummy,TAB,NOS,8,1,3004,12,0,1,0,0,0,0,0,1,0,0,TRY,0,FALSE,1,1
1019,AMLIP AT TAB,##,dummy,TAB,NOS,8,1,3004,12,0,1,0,0,0,0,0,1,0,0,TRY,0,FALSE,1,1
1020,AMLOPRES AT 50MG TAB 15`S,##,dummy,TAB,NOS,8,1,3004,12,0,1,0,0,0,0,0,1,0,0,TRY,0,FALSE,1,1
1021,AMRUTANJAN BALM 30GM,##,dummy,TAB,NOS,8,1,3004,12,0,1,0,0,0,0,0,1,0,0,TRY,0,FALSE,1,1
1022,AMRUTANJAN ROLL ON 10ML,##,dummy,TAB,NOS,8,1,3004,12,0,1,0,0,0,0,0,1,0,0,TRY,0,FALSE,1,1
1023,AMRUTANJAN ROLL ON 5ML,##,dummy,TAB,NOS,8,1,3004,12,0,1,0,0,0,0,0,1,0,0,TRY,0,FALSE,1,1
1024,ANJOL POWER,##,dummy,TAB,NOS,8,1,3004,12,0,1,0,0,0,0,0,1,0,0,TRY,0,FALSE,1,1
1025,ANZILUM 0.25MG TAB 15`S,##,dummy,TAB,NOS,8,1,3004,12,0,1,0,0,0,0,0,1,0,0,TRY,0,FALSE,1,1
1026,ANZILUM 0.5MG TAB 15`S,##,dummy,TAB,NOS,8,1,3004,12,0,1,0,0,0,0,0,1,0,0,TRY,0,FALSE,1,1
1027,ARM SLING POUCH M SIZE,##,dummy,TAB,NOS,8,1,3004,12,0,1,0,0,0,0,0,1,0,0,TRY,0,FALSE,1,1
1028,ATORSTIN 10 MG TAB,##,dummy,TAB,NOS,8,1,3004,12,0,1,0,0,0,0,0,1,0,0,TRY,0,FALSE,1,1
1029,ATOSTA 10MG TAB,##,dummy,TAB,NOS,8,1,3004,12,0,1,0,0,0,0,0,1,0,0,TRY,0,FALSE,1,1
1030,ATR 40 MG TAB,##,dummy,TAB,NOS,8,1,3004,12,0,1,0,0,0,0,0,1,0,0,TRY,0,FALSE,1,1
1031,AZTOR 5MG TAB 20`S,##,dummy,TAB,NOS,8,1,3004,12,0,1,0,0,0,0,0,1,0,0,TRY,0,FALSE,1,1
1032,B12 PLUS INJ,##,dummy,TAB,NOS,8,1,3004,12,0,1,0,0,0,0,0,1,0,0,TRY,0,FALSE,1,1
1033,BANDAGE CLOTH 100CMX10MT,##,dummy,TAB,NOS,8,1,3004,12,0,1,0,0,0,0,0,1,0,0,TRY,0,FALSE,1,1
1034,BBH DIAPER LARGE 16S,##,dummy,TAB,NOS,8,1,3004,12,0,1,0,0,0,0,0,1,0,0,TRY,0,FALSE,1,1
1035,BECOSULES CAP,##,dummy,TAB,NOS,8,1,3004,12,0,1,0,0,0,0,0,1,0,0,TRY,0,FALSE,1,1
1036,BELLA CUTTON BUDS 100`S,##,dummy,TAB,NOS,8,1,3004,12,0,1,0,0,0,0,0,1,0,0,TRY,0,FALSE,1,1
1037,BELLA LILLY REGUALAR,##,dummy,TAB,NOS,8,1,3004,12,0,1,0,0,0,0,0,1,0,0,TRY,0,FALSE,1,1
1038,BELLA REFRESHING WIPES 10S,##,dummy,TAB,NOS,8,1,3004,12,0,1,0,0,0,0,0,1,0,0,TRY,0,FALSE,1,1
1039,BELLA ULTRA LONG A8,##,dummy,TAB,NOS,8,1,3004,12,0,1,0,0,0,0,0,1,0,0,TRY,0,FALSE,1,1
1040,BELLADONA PLASTER MEHTA,##,dummy,TAB,NOS,8,1,3004,12,0,1,0,0,0,0,0,1,0,0,TRY,0,FALSE,1,1
1041,BENODAY TAB,##,dummy,TAB,NOS,8,1,3004,12,0,1,0,0,0,0,0,1,0,0,TRY,0,FALSE,1,1
1042,BETNOVATE CREAM,##,dummy,TAB,NOS,8,1,3004,12,0,1,0,0,0,0,0,1,0,0,TRY,0,FALSE,1,1
1043,BICIPHAGE SR 500MG TAB,##,dummy,TAB,NOS,8,1,3004,12,0,1,0,0,0,0,0,1,0,0,TRY,0,FALSE,1,1
1044,BILLIRUBIN KIT,##,dummy,TAB,NOS,8,1,3004,12,0,1,0,0,0,0,0,1,0,0,TRY,0,FALSE,1,1
1045,BIOCHECK BED BATH WIPES,##,dummy,TAB,NOS,8,1,3004,12,0,1,0,0,0,0,0,1,0,0,TRY,0,FALSE,1,1
1046,BIOCHECK BODY WIPES,##,dummy,TAB,NOS,8,1,3004,12,0,1,0,0,0,0,0,1,0,0,TRY,0,FALSE,1,1
1047,BIOCHEMDRYL SYP 100ML,##,dummy,TAB,NOS,8,1,3004,12,0,1,0,0,0,0,0,1,0,0,TRY,0,FALSE,1,1
1048,BIOLINE PET JELLY 8GM,##,dummy,TAB,NOS,8,1,3004,12,0,1,0,0,0,0,0,1,0,0,TRY,0,FALSE,1,1
1049,BIOTRAL ORS,##,dummy,TAB,NOS,8,1,3004,12,0,1,0,0,0,0,0,1,0,0,TRY,0,FALSE,1,1
1050,BISONOL 2.5 TAB,##,dummy,TAB,NOS,8,1,3004,12,0,1,0,0,0,0,0,1,0,0,TRY,0,FALSE,1,1
1051,BISONOL 5 MG TAB,##,dummy,TAB,NOS,8,1,3004,12,0,1,0,0,0,0,0,1,0,0,TRY,0,FALSE,1,1
1052,BOOST POWDER 500GM JAR,##,dummy,TAB,NOS,8,1,3004,12,0,1,0,0,0,0,0,1,0,0,TRY,0,FALSE,1,1
1053,BOUFFANT CAP,##,dummy,TAB,NOS,8,1,3004,12,0,1,0,0,0,0,0,1,0,0,TRY,0,FALSE,1,1
1054,BRESOL TAB,##,dummy,TAB,NOS,8,1,3004,12,0,1,0,0,0,0,0,1,0,0,TRY,0,FALSE,1,1
1055,BRITANNIA GOOD DAY PISTA BADAM BISCUIT 100GM,##,dummy,TAB,NOS,8,1,3004,12,0,1,0,0,0,0,0,1,0,0,TRY,0,FALSE,1,1
1056,BROMHEXINE ELEXIR 120ML,##,dummy,TAB,NOS,8,1,3004,12,0,1,0,0,0,0,0,1,0,0,TRY,0,FALSE,1,1
1057,BROMHEXINE HYDROCHLORIDE 8MG TAB,##,dummy,TAB,NOS,8,1,3004,12,0,1,0,0,0,0,0,1,0,0,TRY,0,FALSE,1,1
1058,BRUGEL GEL 30GM,##,dummy,TAB,NOS,8,1,3004,12,0,1,0,0,0,0,0,1,0,0,TRY,0,FALSE,1,1
1059,BURNSTAR CREAM,##,dummy,TAB,NOS,8,1,3004,12,0,1,0,0,0,0,0,1,0,0,TRY,0,FALSE,1,1
1060,CALCIGARD RETARD 20MG TAB,##,dummy,TAB,NOS,8,1,3004,12,0,1,0,0,0,0,0,1,0,0,TRY,0,FALSE,1,1
1061,CALPOL 500MG TAB,##,dummy,TAB,NOS,8,1,3004,12,0,1,0,0,0,0,0,1,0,0,TRY,0,FALSE,1,1
1062,CALPOL 650MG TAB 10`S,##,dummy,TAB,NOS,8,1,3004,12,0,1,0,0,0,0,0,1,0,0,TRY,0,FALSE,1,1
1063,CANDID B CREAM 10GM,##,dummy,TAB,NOS,8,1,3004,12,0,1,0,0,0,0,0,1,0,0,TRY,0,FALSE,1,1
1064,CANDID B CREAM 20GM,##,dummy,TAB,NOS,8,1,3004,12,0,1,0,0,0,0,0,1,0,0,TRY,0,FALSE,1,1
1065,CANDID V GEL,##,dummy,TAB,NOS,8,1,3004,12,0,1,0,0,0,0,0,1,0,0,TRY,0,FALSE,1,1
1066,CANDIDERMA + CREAM 20GM,##,dummy,TAB,NOS,8,1,3004,12,0,1,0,0,0,0,0,1,0,0,TRY,0,FALSE,1,1
1067,CARDIVAS 12.5MG TAB,##,dummy,TAB,NOS,8,1,3004,12,0,1,0,0,0,0,0,1,0,0,TRY,0,FALSE,1,1
1068,CARDIVAS 6.25MG TAB,##,dummy,TAB,NOS,8,1,3004,12,0,1,0,0,0,0,0,1,0,0,TRY,0,FALSE,1,1
1069,CARVENOL 3.125 TAB,##,dummy,TAB,NOS,8,1,3004,12,0,1,0,0,0,0,0,1,0,0,TRY,0,FALSE,1,1
1070,CARVENOL 6.25 TAB,##,dummy,TAB,NOS,8,1,3004,12,0,1,0,0,0,0,0,1,0,0,TRY,0,FALSE,1,1
1071,CARVI BETA 12.5MG TAB,##,dummy,TAB,NOS,8,1,3004,12,0,1,0,0,0,0,0,1,0,0,TRY,0,FALSE,1,1
1072,CARVI BETA 3.125MG TAB,##,dummy,TAB,NOS,8,1,3004,12,0,1,0,0,0,0,0,1,0,0,TRY,0,FALSE,1,1
1073,CIPLADINE 5% OINT 10GM,##,dummy,TAB,NOS,8,1,3004,12,0,1,0,0,0,0,0,1,0,0,TRY,0,FALSE,1,1
1074,CITNOL PR TAB,##,dummy,TAB,NOS,8,1,3004,12,0,1,0,0,0,0,0,1,0,0,TRY,0,FALSE,1,1
1075,CLINDINOL 5 MG TAB,##,dummy,TAB,NOS,8,1,3004,12,0,1,0,0,0,0,0,1,0,0,TRY,0,FALSE,1,1
1076,CLOPILET 75MG TAB,##,dummy,TAB,NOS,8,1,3004,12,0,1,0,0,0,0,0,1,0,0,TRY,0,FALSE,1,1
1077,CLOPINAL 75 MG TAB,##,dummy,TAB,NOS,8,1,3004,12,0,1,0,0,0,0,0,1,0,0,TRY,0,FALSE,1,1
1078,CLOPINAL AT TAB,##,dummy,TAB,NOS,8,1,3004,12,0,1,0,0,0,0,0,1,0,0,TRY,0,FALSE,1,1
1079,CLOPITE-GM CREAM,##,dummy,TAB,NOS,8,1,3004,12,0,1,0,0,0,0,0,1,0,0,TRY,0,FALSE,1,1
1080,CLOPIZEN GOLD 10CAP,##,dummy,TAB,NOS,8,1,3004,12,0,1,0,0,0,0,0,1,0,0,TRY,0,FALSE,1,1
1081,CLOT-TUBE 4ML 100T,##,dummy,TAB,NOS,8,1,3004,12,0,1,0,0,0,0,0,1,0,0,TRY,0,FALSE,1,1
1082,CODECTUSS SYP,##,dummy,TAB,NOS,8,1,3004,12,0,1,0,0,0,0,0,1,0,0,TRY,0,FALSE,1,1
1083,COMPOSURE 1S,##,dummy,TAB,NOS,8,1,3004,12,0,1,0,0,0,0,0,1,0,0,TRY,0,FALSE,1,1
1084,CORDARONE X TAB,##,dummy,TAB,NOS,8,1,3004,12,0,1,0,0,0,0,0,1,0,0,TRY,0,FALSE,1,1
1085,COREX DX SYP 100ML,##,dummy,TAB,NOS,8,1,3004,12,0,1,0,0,0,0,0,1,0,0,TRY,0,FALSE,1,1
1086,COSART 25MG TAB,##,dummy,TAB,NOS,8,1,3004,12,0,1,0,0,0,0,0,1,0,0,TRY,0,FALSE,1,1
1087,COSART 50MG TAB,##,dummy,TAB,NOS,8,1,3004,12,0,1,0,0,0,0,0,1,0,0,TRY,0,FALSE,1,1
1088,COTTON WOOL 15GM,##,dummy,TAB,NOS,8,1,3004,12,0,1,0,0,0,0,0,1,0,0,TRY,0,FALSE,1,1
1089,CREATNINE LIQ 2X100ML,##,dummy,TAB,NOS,8,1,3004,12,0,1,0,0,0,0,0,1,0,0,TRY,0,FALSE,1,1
1090,CYSTONE TAB,##,dummy,TAB,NOS,8,1,3004,12,0,1,0,0,0,0,0,1,0,0,TRY,0,FALSE,1,1
1091,D PROTIN CHOCO POWDER 500GM,##,dummy,TAB,NOS,8,1,3004,12,0,1,0,0,0,0,0,1,0,0,TRY,0,FALSE,1,1
1092,D SAPONE SOAP,##,dummy,TAB,NOS,8,1,3004,12,0,1,0,0,0,0,0,1,0,0,TRY,0,FALSE,1,1
1093,DAMINA PLUS TAB,##,dummy,TAB,NOS,8,1,3004,12,0,1,0,0,0,0,0,1,0,0,TRY,0,FALSE,1,1
1094,DART TAB,##,dummy,TAB,NOS,8,1,3004,12,0,1,0,0,0,0,0,1,0,0,TRY,0,FALSE,1,1
1095,DAXID 100MG TAB,##,dummy,TAB,NOS,8,1,3004,12,0,1,0,0,0,0,0,1,0,0,TRY,0,FALSE,1,1
1096,DEBILIPTIN TAB 10S,##,dummy,TAB,NOS,8,1,3004,12,0,1,0,0,0,0,0,1,0,0,TRY,0,FALSE,1,1
1097,DECOFINE,##,dummy,TAB,NOS,8,1,3004,12,0,1,0,0,0,0,0,1,0,0,TRY,0,FALSE,1,1
1098,DECOFINE TOPICAL SPRAY,##,dummy,TAB,NOS,8,1,3004,12,0,1,0,0,0,0,0,1,0,0,TRY,0,FALSE,1,1
1099,DEPLATT 75MG TAB,##,dummy,TAB,NOS,8,1,3004,12,0,1,0,0,0,0,0,1,0,0,TRY,0,FALSE,1,1
1100,DEPLATT A 75MG TAB 10`S,##,dummy,TAB,NOS,8,1,3004,12,0,1,0,0,0,0,0,1,0,0,TRY,0,FALSE,1,1
1101,DERIVA CMS GEL15GM,##,dummy,TAB,NOS,8,1,3004,12,0,1,0,0,0,0,0,1,0,0,TRY,0,FALSE,1,1
1102,DETTOL ORIGINAL SOAP PACK 125GM,##,dummy,TAB,NOS,8,1,3004,12,0,1,0,0,0,0,0,1,0,0,TRY,0,FALSE,1,1
1103,DEXORANGE SYP,##,dummy,TAB,NOS,8,1,3004,12,0,1,0,0,0,0,0,1,0,0,TRY,0,FALSE,1,1
1104,DIGENE FIZZ LEMON SACHET,##,dummy,TAB,NOS,8,1,3004,12,0,1,0,0,0,0,0,1,0,0,TRY,0,FALSE,1,1
1105,DIGENE FIZZ ORANGE SACH,##,dummy,TAB,NOS,8,1,3004,12,0,1,0,0,0,0,0,1,0,0,TRY,0,FALSE,1,1
1106,DIGENE GEL MINT 170ML,##,dummy,TAB,NOS,8,1,3004,12,0,1,0,0,0,0,0,1,0,0,TRY,0,FALSE,1,1
1107,DIGITAL THERMOMETER,##,dummy,TAB,NOS,8,1,3004,12,0,1,0,0,0,0,0,1,0,0,TRY,0,FALSE,1,1
1108,DIGITONE,##,dummy,TAB,NOS,8,1,3004,12,0,1,0,0,0,0,0,1,0,0,TRY,0,FALSE,1,1
1109,DILVAS 2.5MG TAB,##,dummy,TAB,NOS,8,1,3004,12,0,1,0,0,0,0,0,1,0,0,TRY,0,FALSE,1,1
1110,DILVAS 5MG TAB,##,dummy,TAB,NOS,8,1,3004,12,0,1,0,0,0,0,0,1,0,0,TRY,0,FALSE,1,1
1111,DISPOVAN SYR 5 ML,##,dummy,TAB,NOS,8,1,3004,12,0,1,0,0,0,0,0,1,0,0,TRY,0,FALSE,1,1
1112,DOMSTAL 10MG TAB,##,dummy,TAB,NOS,8,1,3004,12,0,1,0,0,0,0,0,1,0,0,TRY,0,FALSE,1,1
1113,DOTHIX 25MG TAB,##,dummy,TAB,NOS,8,1,3004,12,0,1,0,0,0,0,0,1,0,0,TRY,0,FALSE,1,1
1114,DYTOR 10MG TAB,##,dummy,TAB,NOS,8,1,3004,12,0,1,0,0,0,0,0,1,0,0,TRY,0,FALSE,1,1
1115,ECOSPRIN AV 75 MG TAB,##,dummy,TAB,NOS,8,1,3004,12,0,1,0,0,0,0,0,1,0,0,TRY,0,FALSE,1,1
1116,ECOSPRIN AV 75/20MG CAP 15S,##,dummy,TAB,NOS,8,1,3004,12,0,1,0,0,0,0,0,1,0,0,TRY,0,FALSE,1,1
1117,ELBOW SUPPORT SEGO XL SIZE,##,dummy,TAB,NOS,8,1,3004,12,0,1,0,0,0,0,0,1,0,0,TRY,0,FALSE,1,1
1118,ELCOPLEX FORTE CAPS,##,dummy,TAB,NOS,8,1,3004,12,0,1,0,0,0,0,0,1,0,0,TRY,0,FALSE,1,1
1119,ELCOPLEX SYP,##,dummy,TAB,NOS,8,1,3004,12,0,1,0,0,0,0,0,1,0,0,TRY,0,FALSE,1,1
1120,EMESET SYP,##,dummy,TAB,NOS,8,1,3004,12,0,1,0,0,0,0,0,1,0,0,TRY,0,FALSE,1,1
1121,ENCORATE 200MG TAB,##,dummy,TAB,NOS,8,1,3004,12,0,1,0,0,0,0,0,1,0,0,TRY,0,FALSE,1,1
1122,ENCORATE 300MG TAB,##,dummy,TAB,NOS,8,1,3004,12,0,1,0,0,0,0,0,1,0,0,TRY,0,FALSE,1,1
1123,ENO ORANGE POWDER SACHET 5GM,##,dummy,TAB,NOS,8,1,3004,12,0,1,0,0,0,0,0,1,0,0,TRY,0,FALSE,1,1
1124,ETHIGLO FACE WASH,##,dummy,TAB,NOS,8,1,3004,12,0,1,0,0,0,0,0,1,0,0,TRY,0,FALSE,1,1
1125,EUREPA 0.5 MG TAB 15S,##,dummy,TAB,NOS,8,1,3004,12,0,1,0,0,0,0,0,1,0,0,TRY,0,FALSE,1,1
1126,EVALIFE COCO MOITURISING LOTION 110ML,##,dummy,TAB,NOS,8,1,3004,12,0,1,0,0,0,0,0,1,0,0,TRY,0,FALSE,1,1
1127,EVALIFE COCO MOITURISING LOTION 210ML,##,dummy,TAB,NOS,8,1,3004,12,0,1,0,0,0,0,0,1,0,0,TRY,0,FALSE,1,1
1128,EVALIFE GYNIWASH PH 3.5 100ML,##,dummy,TAB,NOS,8,1,3004,12,0,1,0,0,0,0,0,1,0,0,TRY,0,FALSE,1,1
1129,EVALIFE HAIR CARE SHAMPOO 200ML,##,dummy,TAB,NOS,8,1,3004,12,0,1,0,0,0,0,0,1,0,0,TRY,0,FALSE,1,1
1130,EVALIFE HERBAL HAIR OIL 100ML,##,dummy,TAB,NOS,8,1,3004,12,0,1,0,0,0,0,0,1,0,0,TRY,0,FALSE,1,1
1131,EVALIFE MALAI CREAM SOAP (OPAQUE SOAP),##,dummy,TAB,NOS,8,1,3004,12,0,1,0,0,0,0,0,1,0,0,TRY,0,FALSE,1,1
1132,EVALIFE MINT AND OAT SOAP (OPAQUE SOAP),##,dummy,TAB,NOS,8,1,3004,12,0,1,0,0,0,0,0,1,0,0,TRY,0,FALSE,1,1
1133,EVALIFE MOISTURISING CREAM WITH GLYCERIN & MILK,##,dummy,TAB,NOS,8,1,3004,12,0,1,0,0,0,0,0,1,0,0,TRY,0,FALSE,1,1
1134,EVALIFE NATURAL APPLE CIDER VINEGAR CONDITIONER,##,dummy,TAB,NOS,8,1,3004,12,0,1,0,0,0,0,0,1,0,0,TRY,0,FALSE,1,1
1135,EVALIFE NATURAL APPLE CIDER VINEGAR SHAMPOO,##,dummy,TAB,NOS,8,1,3004,12,0,1,0,0,0,0,0,1,0,0,TRY,0,FALSE,1,1
1136,EVALIFE NATURAL CLEANSER -FRUIT MOCKTAIL,##,dummy,TAB,NOS,8,1,3004,12,0,1,0,0,0,0,0,1,0,0,TRY,0,FALSE,1,1
1137,EVALIFE NATURAL CLEANSING GEL - TEA TREE WITH ROSEMARRY OIL,##,dummy,TAB,NOS,8,1,3004,12,0,1,0,0,0,0,0,1,0,0,TRY,0,FALSE,1,1
1138,"EVALIFE NATURAL CREAM FOR SMOOTH SKIN, WITH MILK & HONEY (IN OLAY TYPE CONTAINER)",##,dummy,TAB,NOS,8,1,3004,12,0,1,0,0,0,0,0,1,0,0,TRY,0,FALSE,1,1
1139,EVALIFE NATURAL DEPIGMENTATION CREAM 50ML,##,dummy,TAB,NOS,8,1,3004,12,0,1,0,0,0,0,0,1,0,0,TRY,0,FALSE,1,1
1140,EVALIFE NATURAL FACE CREAM - FRUIT MOCKTAIL,##,dummy,TAB,NOS,8,1,3004,12,0,1,0,0,0,0,0,1,0,0,TRY,0,FALSE,1,1
1141,EVALIFE NATURAL FACE CREAM - TEA TREE WITH ROSEMARY OIL,##,dummy,TAB,NOS,8,1,3004,12,0,1,0,0,0,0,0,1,0,0,TRY,0,FALSE,1,1
1142,EVALIFE NATURAL FACE MASK - TEA TREE WITH ROSEMARRY OIL & BENTONITE & KAOLIN,##,dummy,TAB,NOS,8,1,3004,12,0,1,0,0,0,0,0,1,0,0,TRY,0,FALSE,1,1
1143,EVALIFE NATURAL FACE SCRUB - FRUIT MOCKTAIL & ALMOND SHELL GRANULES,##,dummy,TAB,NOS,8,1,3004,12,0,1,0,0,0,0,0,1,0,0,TRY,0,FALSE,1,1
1144,EVALIFE NATURAL FACE SCRUB - TEA TREE WITH ROSEMARRY OIL & ALMOND SHELL GRANULES,##,dummy,TAB,NOS,8,1,3004,12,0,1,0,0,0,0,0,1,0,0,TRY,0,FALSE,1,1
1145,EVALIFE NATURAL PURE COCONUT OIL WITH VITAMIN E,##,dummy,TAB,NOS,8,1,3004,12,0,1,0,0,0,0,0,1,0,0,TRY,0,FALSE,1,1
1146,EVALIFE NATURAL ROSE WATER,##,dummy,TAB,NOS,8,1,3004,12,0,1,0,0,0,0,0,1,0,0,TRY,0,FALSE,1,1
1147,EVALIFE NATURAL SMOOTHING DRY HAIR CONDITIONER,##,dummy,TAB,NOS,8,1,3004,12,0,1,0,0,0,0,0,1,0,0,TRY,0,FALSE,1,1
1148,EVALIFE NATURAL SMOOTHING DRY HAIR SHAMPOO,##,dummy,TAB,NOS,8,1,3004,12,0,1,0,0,0,0,0,1,0,0,TRY,0,FALSE,1,1
1149,EVALIFE NEEM AND ALOE VERA (TRANSPARENT),##,dummy,TAB,NOS,8,1,3004,12,0,1,0,0,0,0,0,1,0,0,TRY,0,FALSE,1,1
1150,EVALIFE NEEM FACE WASH 100ML,##,dummy,TAB,NOS,8,1,3004,12,0,1,0,0,0,0,0,1,0,0,TRY,0,FALSE,1,1
1151,EVALIFE ORANGE AND TULSI SOAP (TRANSPARENT),##,dummy,TAB,NOS,8,1,3004,12,0,1,0,0,0,0,0,1,0,0,TRY,0,FALSE,1,1
1152,EVALIFE PETROLEUM JELLY,##,dummy,TAB,NOS,8,1,3004,12,0,1,0,0,0,0,0,1,0,0,TRY,0,FALSE,1,1
1153,EVALIFE PETROLEUM JELLY 42GM,##,dummy,TAB,NOS,8,1,3004,12,0,1,0,0,0,0,0,1,0,0,TRY,0,FALSE,1,1
1154,EVALIFE PREMIUM FACE WASH WITH BEADS,##,dummy,TAB,NOS,8,1,3004,12,0,1,0,0,0,0,0,1,0,0,TRY,0,FALSE,1,1
1155,EVALIFE PREMIUM FACE WASH WITHOUT BEADS,##,dummy,TAB,NOS,8,1,3004,12,0,1,0,0,0,0,0,1,0,0,TRY,0,FALSE,1,1
1156,EVALIFE PREMIUM GOLDEN GLOW SKIN CREAM,##,dummy,TAB,NOS,8,1,3004,12,0,1,0,0,0,0,0,1,0,0,TRY,0,FALSE,1,1
1157,EVALIFE SALICYLIC ACID FOAMING FACE WASH,##,dummy,TAB,NOS,8,1,3004,12,0,1,0,0,0,0,0,1,0,0,TRY,0,FALSE,1,1
1158,EVALIFE SUNSCREEN LOTION 100GM,##,dummy,TAB,NOS,8,1,3004,12,0,1,0,0,0,0,0,1,0,0,TRY,0,FALSE,1,1
1159,EVION 400 MG CAPS,##,dummy,TAB,NOS,8,1,3004,12,0,1,0,0,0,0,0,1,0,0,TRY,0,FALSE,1,1
1160,EXERMET 850MG TAB,##,dummy,TAB,NOS,8,1,3004,12,0,1,0,0,0,0,0,1,0,0,TRY,0,FALSE,1,1
1161,FAIR & LOVELY CREAM 25GM,##,dummy,TAB,NOS,8,1,3004,12,0,1,0,0,0,0,0,1,0,0,TRY,0,FALSE,1,1
1162,FCN 150 MG TAB,##,dummy,TAB,NOS,8,1,3004,12,0,1,0,0,0,0,0,1,0,0,TRY,0,FALSE,1,1
1163,FEBUXOT 40 TAB,##,dummy,TAB,NOS,8,1,3004,12,0,1,0,0,0,0,0,1,0,0,TRY,0,FALSE,1,1
1164,FENAK 50MG TAB,##,dummy,TAB,NOS,8,1,3004,12,0,1,0,0,0,0,0,1,0,0,TRY,0,FALSE,1,1
1165,FILTRA WET WASH GLOVES,##,dummy,TAB,NOS,8,1,3004,12,0,1,0,0,0,0,0,1,0,0,TRY,0,FALSE,1,1
1166,FLUTIVATE OINT,##,dummy,TAB,NOS,8,1,3004,12,0,1,0,0,0,0,0,1,0,0,TRY,0,FALSE,1,1
1167,FOURTS B TAB,##,dummy,TAB,NOS,8,1,3004,12,0,1,0,0,0,0,0,1,0,0,TRY,0,FALSE,1,1
1168,GALACT GRANULES 200GM,##,dummy,TAB,NOS,8,1,3004,12,0,1,0,0,0,0,0,1,0,0,TRY,0,FALSE,1,1
1169,GARDENAL 60MG TAB 100`S,##,dummy,TAB,NOS,8,1,3004,12,0,1,0,0,0,0,0,1,0,0,TRY,0,FALSE,1,1
1170,GASTRACID SUSP,##,dummy,TAB,NOS,8,1,3004,12,0,1,0,0,0,0,0,1,0,0,TRY,0,FALSE,1,1
1171,GELUSIL MPS SYP 200ML,##,dummy,TAB,NOS,8,1,3004,12,0,1,0,0,0,0,0,1,0,0,TRY,0,FALSE,1,1
1172,GEMER 2MG TAB,##,dummy,TAB,NOS,8,1,3004,12,0,1,0,0,0,0,0,1,0,0,TRY,0,FALSE,1,1
1173,GERMURDER ANTISEPTIC SOLUTION 100 ML,##,dummy,TAB,NOS,8,1,3004,12,0,1,0,0,0,0,0,1,0,0,TRY,0,FALSE,1,1
1174,GERMURDER ANTISEPTIC SOLUTION 1000 ML,##,dummy,TAB,NOS,8,1,3004,12,0,1,0,0,0,0,0,1,0,0,TRY,0,FALSE,1,1
1175,GERMURDER HANDWASH,##,dummy,TAB,NOS,8,1,3004,12,0,1,0,0,0,0,0,1,0,0,TRY,0,FALSE,1,1
1176,GLI 80MG TAB,##,dummy,TAB,NOS,8,1,3004,12,0,1,0,0,0,0,0,1,0,0,TRY,0,FALSE,1,1
1177,GLI M TAB,##,dummy,TAB,NOS,8,1,3004,12,0,1,0,0,0,0,0,1,0,0,TRY,0,FALSE,1,1
1178,GLIMP 1MG,##,dummy,TAB,NOS,8,1,3004,12,0,1,0,0,0,0,0,1,0,0,TRY,0,FALSE,1,1
1179,GLIMP 2MG TAB,##,dummy,TAB,NOS,8,1,3004,12,0,1,0,0,0,0,0,1,0,0,TRY,0,FALSE,1,1
1180,GLIRUM TAB,##,dummy,TAB,NOS,8,1,3004,12,0,1,0,0,0,0,0,1,0,0,TRY,0,FALSE,1,1
1181,GLOSSY FOOT CREAM,##,dummy,TAB,NOS,8,1,3004,12,0,1,0,0,0,0,0,1,0,0,TRY,0,FALSE,1,1
1182,GLUCOSE D POWDER 100GM,##,dummy,TAB,NOS,8,1,3004,12,0,1,0,0,0,0,0,1,0,0,TRY,0,FALSE,1,1
1183,GLUCOSE D POWDER 50GM,##,dummy,TAB,NOS,8,1,3004,12,0,1,0,0,0,0,0,1,0,0,TRY,0,FALSE,1,1
1184,GLUFORMIN 500MG TAB,##,dummy,TAB,NOS,8,1,3004,12,0,1,0,0,0,0,0,1,0,0,TRY,0,FALSE,1,1
1185,GLYCIPHAGE SR 500MG TAB,##,dummy,TAB,NOS,8,1,3004,12,0,1,0,0,0,0,0,1,0,0,TRY,0,FALSE,1,1
1186,GLYCOMET GP 0.5MG TAB,##,dummy,TAB,NOS,8,1,3004,12,0,1,0,0,0,0,0,1,0,0,TRY,0,FALSE,1,1
1187,GOOD KNIGHT ACTIVE REFILL 45N,##,dummy,TAB,NOS,8,1,3004,12,0,1,0,0,0,0,0,1,0,0,TRY,0,FALSE,1,1
1188,HALOVATE S OINT 10GM,##,dummy,TAB,NOS,8,1,3004,12,0,1,0,0,0,0,0,1,0,0,TRY,0,FALSE,1,1
1189,HAMAM SOAP,##,dummy,TAB,NOS,8,1,3004,12,0,1,0,0,0,0,0,1,0,0,TRY,0,FALSE,1,1
1190,HAND SANITIZER 100ML,##,dummy,TAB,NOS,8,1,3004,12,0,1,0,0,0,0,0,1,0,0,TRY,0,FALSE,1,1
1191,HAND SANITIZER 500ML,##,dummy,TAB,NOS,8,1,3004,12,0,1,0,0,0,0,0,1,0,0,TRY,0,FALSE,1,1
1192,HBSAG CARD RECK,##,dummy,TAB,NOS,8,1,3004,12,0,1,0,0,0,0,0,1,0,0,TRY,0,FALSE,1,1
1193,HCV CARD,##,dummy,TAB,NOS,8,1,3004,12,0,1,0,0,0,0,0,1,0,0,TRY,0,FALSE,1,1
1194,HEALTH OK TAB,##,dummy,TAB,NOS,8,1,3004,12,0,1,0,0,0,0,0,1,0,0,TRY,0,FALSE,1,1
1195,HERBOHEALER EASH GRAM CONTAINS SEA BUCKTHORN LEAVES EXTRACT (LYOPHILIZED) 2.5% CREAM 10GM,##,dummy,TAB,NOS,8,1,3004,12,0,1,0,0,0,0,0,1,0,0,TRY,0,FALSE,1,1
1196,HIMALAYA BABY MASSAGE OIL 200ML,##,dummy,TAB,NOS,8,1,3004,12,0,1,0,0,0,0,0,1,0,0,TRY,0,FALSE,1,1
1197,HIMALAYA NEEM AND TURMERIC SOAP PACK 125GM,##,dummy,TAB,NOS,8,1,3004,12,0,1,0,0,0,0,0,1,0,0,TRY,0,FALSE,1,1
1198,HIMALAYA NEEM SOAP 75 GM,##,dummy,TAB,NOS,8,1,3004,12,0,1,0,0,0,0,0,1,0,0,TRY,0,FALSE,1,1
1199,HIMPLASIA TAB,##,dummy,TAB,NOS,8,1,3004,12,0,1,0,0,0,0,0,1,0,0,TRY,0,FALSE,1,1
1200,HIPRES 25MG TAB,##,dummy,TAB,NOS,8,1,3004,12,0,1,0,0,0,0,0,1,0,0,TRY,0,FALSE,1,1
1201,HIPRES 50MG TAB,##,dummy,TAB,NOS,8,1,3004,12,0,1,0,0,0,0,0,1,0,0,TRY,0,FALSE,1,1
1202,HONEY 1 KG,##,dummy,TAB,NOS,8,1,3004,12,0,1,0,0,0,0,0,1,0,0,TRY,0,FALSE,1,1
1203,HONEY 225 GM,##,dummy,TAB,NOS,8,1,3004,12,0,1,0,0,0,0,0,1,0,0,TRY,0,FALSE,1,1
1204,HONEY 500 GM,##,dummy,TAB,NOS,8,1,3004,12,0,1,0,0,0,0,0,1,0,0,TRY,0,FALSE,1,1
1205,HORLICKS OATS 500GM,##,dummy,TAB,NOS,8,1,3004,12,0,1,0,0,0,0,0,1,0,0,TRY,0,FALSE,1,1
1206,HORLICKS PLAIN ROLLED OATS 500/1 KG,##,dummy,TAB,NOS,8,1,3004,12,0,1,0,0,0,0,0,1,0,0,TRY,0,FALSE,1,1
1207,HORLICKS POWDER 500GM JAR,##,dummy,TAB,NOS,8,1,3004,12,0,1,0,0,0,0,0,1,0,0,TRY,0,FALSE,1,1
1208,HORLICKS STANDARD 1 KG PLAIN,##,dummy,TAB,NOS,8,1,3004,12,0,1,0,0,0,0,0,1,0,0,TRY,0,FALSE,1,1
1209,HUMAN ACTRAPID 40IU INJ 10ML,##,dummy,TAB,NOS,8,1,3004,12,0,1,0,0,0,0,0,1,0,0,TRY,0,FALSE,1,1
1210,HUMAN INSULATARD 40IU INJ 10ML,##,dummy,TAB,NOS,8,1,3004,12,0,1,0,0,0,0,0,1,0,0,TRY,0,FALSE,1,1
1211,HUMAN MIXTARD 30/70 40IU INJ,##,dummy,TAB,NOS,8,1,3004,12,0,1,0,0,0,0,0,1,0,0,TRY,0,FALSE,1,1
1212,INSUGEN 30/70 40IU INJ 10ML,##,dummy,TAB,NOS,8,1,3004,12,0,1,0,0,0,0,0,1,0,0,TRY,0,FALSE,1,1
1213,INTAGESIC GEL,##,dummy,TAB,NOS,8,1,3004,12,0,1,0,0,0,0,0,1,0,0,TRY,0,FALSE,1,1
1214,ISCEPT TAB,##,dummy,TAB,NOS,8,1,3004,12,0,1,0,0,0,0,0,1,0,0,TRY,0,FALSE,1,1
1215,IVAPRIDE 5 MG TAB,##,dummy,TAB,NOS,8,1,3004,12,0,1,0,0,0,0,0,1,0,0,TRY,0,FALSE,1,1
1216,JANUMET 50/1GM TAB,##,dummy,TAB,NOS,8,1,3004,12,0,1,0,0,0,0,0,1,0,0,TRY,0,FALSE,1,1
1217,JANUMET 50/500MG TAB,##,dummy,TAB,NOS,8,1,3004,12,0,1,0,0,0,0,0,1,0,0,TRY,0,FALSE,1,1
1218,JOHNSONS BABY CREAM 30GM,##,dummy,TAB,NOS,8,1,3004,12,0,1,0,0,0,0,0,1,0,0,TRY,0,FALSE,1,1
1219,JOHNSONS BABY CREAM 50GM,##,dummy,TAB,NOS,8,1,3004,12,0,1,0,0,0,0,0,1,0,0,TRY,0,FALSE,1,1
1220,JOHNSONS BABY HAIR OIL 200ML,##,dummy,TAB,NOS,8,1,3004,12,0,1,0,0,0,0,0,1,0,0,TRY,0,FALSE,1,1
1221,JOHNSONS BABY MILK CREAM 30GM,##,dummy,TAB,NOS,8,1,3004,12,0,1,0,0,0,0,0,1,0,0,TRY,0,FALSE,1,1
1222,JOHNSONS BABY OIL 50ML,##,dummy,TAB,NOS,8,1,3004,12,0,1,0,0,0,0,0,1,0,0,TRY,0,FALSE,1,1
1223,JOHNSONS BABY POWDER 100GM,##,dummy,TAB,NOS,8,1,3004,12,0,1,0,0,0,0,0,1,0,0,TRY,0,FALSE,1,1
1224,JOHNSONS BABY SOAP 150GM,##,dummy,TAB,NOS,8,1,3004,12,0,1,0,0,0,0,0,1,0,0,TRY,0,FALSE,1,1
1225,JONAC GEL,##,dummy,TAB,NOS,8,1,3004,12,0,1,0,0,0,0,0,1,0,0,TRY,0,FALSE,1,1
1226,JUNIOR HORLICKS CHOCOLATE STAGE 2 500GM,##,dummy,TAB,NOS,8,1,3004,12,0,1,0,0,0,0,0,1,0,0,TRY,0,FALSE,1,1
1227,K ION TAB,##,dummy,TAB,NOS,8,1,3004,12,0,1,0,0,0,0,0,1,0,0,TRY,0,FALSE,1,1
1228,K3 EDTA 2 ML 100T,##,dummy,TAB,NOS,8,1,3004,12,0,1,0,0,0,0,0,1,0,0,TRY,0,FALSE,1,1
1229,KASTHURI HERBAL SOAP,##,dummy,TAB,NOS,8,1,3004,12,0,1,0,0,0,0,0,1,0,0,TRY,0,FALSE,1,1
1230,KETO SOAP,##,dummy,TAB,NOS,8,1,3004,12,0,1,0,0,0,0,0,1,0,0,TRY,0,FALSE,1,1
1231,KETO SOAP 50GM,##,dummy,TAB,NOS,8,1,3004,12,0,1,0,0,0,0,0,1,0,0,TRY,0,FALSE,1,1
1232,KETOKEM SOAP,##,dummy,TAB,NOS,8,1,3004,12,0,1,0,0,0,0,0,1,0,0,TRY,0,FALSE,1,1
1233,KETOZCALP,##,dummy,TAB,NOS,8,1,3004,12,0,1,0,0,0,0,0,1,0,0,TRY,0,FALSE,1,1
1234,KNEE CAP COMFORT M,##,dummy,TAB,NOS,8,1,3004,12,0,1,0,0,0,0,0,1,0,0,TRY,0,FALSE,1,1
1235,KUFFDRYL LIQUID,##,dummy,TAB,NOS,8,1,3004,12,0,1,0,0,0,0,0,1,0,0,TRY,0,FALSE,1,1
1236,LASUNA CAP,##,dummy,TAB,NOS,8,1,3004,12,0,1,0,0,0,0,0,1,0,0,TRY,0,FALSE,1,1
1237,LECOPE M TAB,##,dummy,TAB,NOS,8,1,3004,12,0,1,0,0,0,0,0,1,0,0,TRY,0,FALSE,1,1
1238,LEVOZET M TAB,##,dummy,TAB,NOS,8,1,3004,12,0,1,0,0,0,0,0,1,0,0,TRY,0,FALSE,1,1
1239,LIV 52 TAB,##,dummy,TAB,NOS,8,1,3004,12,0,1,0,0,0,0,0,1,0,0,TRY,0,FALSE,1,1
1240,LONAZEP 0.25MG TAB 15S,##,dummy,TAB,NOS,8,1,3004,12,0,1,0,0,0,0,0,1,0,0,TRY,0,FALSE,1,1
1241,LUPITROS EYE DROPS,##,dummy,TAB,NOS,8,1,3004,12,0,1,0,0,0,0,0,1,0,0,TRY,0,FALSE,1,1
1242,MAXGALIN M ER 75MG TAB,##,dummy,TAB,NOS,8,1,3004,12,0,1,0,0,0,0,0,1,0,0,TRY,0,FALSE,1,1
1243,MECODAY FORTE 10S TAB,##,dummy,TAB,NOS,8,1,3004,12,0,1,0,0,0,0,0,1,0,0,TRY,0,FALSE,1,1
1244,MECOLOGIX FORTE TAB,##,dummy,TAB,NOS,8,1,3004,12,0,1,0,0,0,0,0,1,0,0,TRY,0,FALSE,1,1
1245,METLOGIX 500 MG TAB,##,dummy,TAB,NOS,8,1,3004,12,0,1,0,0,0,0,0,1,0,0,TRY,0,FALSE,1,1
1246,METLOGIX GP 1 MG TAB,##,dummy,TAB,NOS,8,1,3004,12,0,1,0,0,0,0,0,1,0,0,TRY,0,FALSE,1,1
1247,METLOGIX T20 MG TAB,##,dummy,TAB,NOS,8,1,3004,12,0,1,0,0,0,0,0,1,0,0,TRY,0,FALSE,1,1
1248,METOPOLE XL 25 MG TAB,##,dummy,TAB,NOS,8,1,3004,12,0,1,0,0,0,0,0,1,0,0,TRY,0,FALSE,1,1
1249,METOPOLE XL 50 MG TAB,##,dummy,TAB,NOS,8,1,3004,12,0,1,0,0,0,0,0,1,0,0,TRY,0,FALSE,1,1
1250,MICOGEL F OINT,##,dummy,TAB,NOS,8,1,3004,12,0,1,0,0,0,0,0,1,0,0,TRY,0,FALSE,1,1
1251,MICROTAZ 2.25GM INJ,##,dummy,TAB,NOS,8,1,3004,12,0,1,0,0,0,0,0,1,0,0,TRY,0,FALSE,1,1
1252,MINILYSEBIO 0.4L,##,dummy,TAB,NOS,8,1,3004,12,0,1,0,0,0,0,0,1,0,0,TRY,0,FALSE,1,1
1253,MINOLAST FX TAB,##,dummy,TAB,NOS,8,1,3004,12,0,1,0,0,0,0,0,1,0,0,TRY,0,FALSE,1,1
1254,MIXTARD 30 PENFILL,##,dummy,TAB,NOS,8,1,3004,12,0,1,0,0,0,0,0,1,0,0,TRY,0,FALSE,1,1
1255,MONTEK LC TAB,##,dummy,TAB,NOS,8,1,3004,12,0,1,0,0,0,0,0,1,0,0,TRY,0,FALSE,1,1
1256,MOTHER HORLICKS POWDER 200GM,##,dummy,TAB,NOS,8,1,3004,12,0,1,0,0,0,0,0,1,0,0,TRY,0,FALSE,1,1
1257,MOTHER HORLICKS POWDER 500GM,##,dummy,TAB,NOS,8,1,3004,12,0,1,0,0,0,0,0,1,0,0,TRY,0,FALSE,1,1
1258,MYCODERM C POWDER,##,dummy,TAB,NOS,8,1,3004,12,0,1,0,0,0,0,0,1,0,0,TRY,0,FALSE,1,1
1259,NASOGET SALINE NASAL GEL,##,dummy,TAB,NOS,8,1,3004,12,0,1,0,0,0,0,0,1,0,0,TRY,0,FALSE,1,1
1260,NEBIVOL 2.5 TAB,##,dummy,TAB,NOS,8,1,3004,12,0,1,0,0,0,0,0,1,0,0,TRY,0,FALSE,1,1
1261,NEBIVOL 5MG TAB,##,dummy,TAB,NOS,8,1,3004,12,0,1,0,0,0,0,0,1,0,0,TRY,0,FALSE,1,1
1262,NEFIDINOL RETARD 20 MG TAB,##,dummy,TAB,NOS,8,1,3004,12,0,1,0,0,0,0,0,1,0,0,TRY,0,FALSE,1,1
1263,NEUROBION FORTE 30 TAB,##,dummy,TAB,NOS,8,1,3004,12,0,1,0,0,0,0,0,1,0,0,TRY,0,FALSE,1,1
1264,NEUROBION FORTE TAB,##,dummy,TAB,NOS,8,1,3004,12,0,1,0,0,0,0,0,1,0,0,TRY,0,FALSE,1,1
1265,NIFEDIPINE 10 MG TAB,##,dummy,TAB,NOS,8,1,3004,12,0,1,0,0,0,0,0,1,0,0,TRY,0,FALSE,1,1
1266,NOCOLD SYP,##,dummy,TAB,NOS,8,1,3004,12,0,1,0,0,0,0,0,1,0,0,TRY,0,FALSE,1,1
1267,NOCOLD TAB,##,dummy,TAB,NOS,8,1,3004,12,0,1,0,0,0,0,0,1,0,0,TRY,0,FALSE,1,1
1268,NOLGLIPTIN 20 MG TAB,##,dummy,TAB,NOS,8,1,3004,12,0,1,0,0,0,0,0,1,0,0,TRY,0,FALSE,1,1
1269,NOOTIRA 500 MG TAB,##,dummy,TAB,NOS,8,1,3004,12,0,1,0,0,0,0,0,1,0,0,TRY,0,FALSE,1,1
1270,NOSYMIST- X KID NASAL SPRAY 10 ML,##,dummy,TAB,NOS,8,1,3004,12,0,1,0,0,0,0,0,1,0,0,TRY,0,FALSE,1,1
1271,NOSYMIST-O NASAL SPRAY 10 ML,##,dummy,TAB,NOS,8,1,3004,12,0,1,0,0,0,0,0,1,0,0,TRY,0,FALSE,1,1
1272,NOVORAPID FLEXPEN INJ 3ML,##,dummy,TAB,NOS,8,1,3004,12,0,1,0,0,0,0,0,1,0,0,TRY,0,FALSE,1,1
1273,NS INF 500ML,##,dummy,TAB,NOS,8,1,3004,12,0,1,0,0,0,0,0,1,0,0,TRY,0,FALSE,1,1
1274,NUROKIND GOLD CAP,##,dummy,TAB,NOS,8,1,3004,12,0,1,0,0,0,0,0,1,0,0,TRY,0,FALSE,1,1
1275,ODOMOS CREAM 25GM,##,dummy,TAB,NOS,8,1,3004,12,0,1,0,0,0,0,0,1,0,0,TRY,0,FALSE,1,1
1276,OKACET 10MG,##,dummy,TAB,NOS,8,1,3004,12,0,1,0,0,0,0,0,1,0,0,TRY,0,FALSE,1,1
1277,OLMO 40 MG TAB,##,dummy,TAB,NOS,8,1,3004,12,0,1,0,0,0,0,0,1,0,0,TRY,0,FALSE,1,1
1278,OMEE 20MG CAP 20`S,##,dummy,TAB,NOS,8,1,3004,12,0,1,0,0,0,0,0,1,0,0,TRY,0,FALSE,1,1
1279,OMEE MPS SYP,##,dummy,TAB,NOS,8,1,3004,12,0,1,0,0,0,0,0,1,0,0,TRY,0,FALSE,1,1
1280,OMEGA B COMPLEX CAP,##,dummy,TAB,NOS,8,1,3004,12,0,1,0,0,0,0,0,1,0,0,TRY,0,FALSE,1,1
1281,ONABET CREAM 15GM,##,dummy,TAB,NOS,8,1,3004,12,0,1,0,0,0,0,0,1,0,0,TRY,0,FALSE,1,1
1282,OPTY PORE 1,##,dummy,TAB,NOS,8,1,3004,12,0,1,0,0,0,0,0,1,0,0,TRY,0,FALSE,1,1
1283,OPTY PORE 2,##,dummy,TAB,NOS,8,1,3004,12,0,1,0,0,0,0,0,1,0,0,TRY,0,FALSE,1,1
1284,OPTY PORE 3,##,dummy,TAB,NOS,8,1,3004,12,0,1,0,0,0,0,0,1,0,0,TRY,0,FALSE,1,1
1285,ORAL B CAVITY DEFENSE TOOTHBRUSH PACK 2,##,dummy,TAB,NOS,8,1,3004,12,0,1,0,0,0,0,0,1,0,0,TRY,0,FALSE,1,1
1286,ORTHOHERB OIL,##,dummy,TAB,NOS,8,1,3004,12,0,1,0,0,0,0,0,1,0,0,TRY,0,FALSE,1,1
1287,ORTHOHERB TAB 30`S,##,dummy,TAB,NOS,8,1,3004,12,0,1,0,0,0,0,0,1,0,0,TRY,0,FALSE,1,1
1288,ORTHOHERB TAB 60`S,##,dummy,TAB,NOS,8,1,3004,12,0,1,0,0,0,0,0,1,0,0,TRY,0,FALSE,1,1
1289,OXITAB TAB,##,dummy,TAB,NOS,8,1,3004,12,0,1,0,0,0,0,0,1,0,0,TRY,0,FALSE,1,1
1290,OZOMET PG1 TAB,##,dummy,TAB,NOS,8,1,3004,12,0,1,0,0,0,0,0,1,0,0,TRY,0,FALSE,1,1
1291,OZOMET PG2 TAB,##,dummy,TAB,NOS,8,1,3004,12,0,1,0,0,0,0,0,1,0,0,TRY,0,FALSE,1,1
1292,OZOMET VG1 TAB,##,dummy,TAB,NOS,8,1,3004,12,0,1,0,0,0,0,0,1,0,0,TRY,0,FALSE,1,1
1293,PAN 40MG INJ,##,dummy,TAB,NOS,8,1,3004,12,0,1,0,0,0,0,0,1,0,0,TRY,0,FALSE,1,1
1294,PANKAJA KASTHURI 400GM JAR,##,dummy,TAB,NOS,8,1,3004,12,0,1,0,0,0,0,0,1,0,0,TRY,0,FALSE,1,1
1295,PANKAJA KASTHURI BREATHE EAZY SYP,##,dummy,TAB,NOS,8,1,3004,12,0,1,0,0,0,0,0,1,0,0,TRY,0,FALSE,1,1
1296,PANKAJA KASTHURI COUGH SYRUP HONEY,##,dummy,TAB,NOS,8,1,3004,12,0,1,0,0,0,0,0,1,0,0,TRY,0,FALSE,1,1
1297,PANKAJA KASTHURI DANDRUF OIL 100ML,##,dummy,TAB,NOS,8,1,3004,12,0,1,0,0,0,0,0,1,0,0,TRY,0,FALSE,1,1
1298,PANKAJA KASTHURI TULSI COUGH SYP,##,dummy,TAB,NOS,8,1,3004,12,0,1,0,0,0,0,0,1,0,0,TRY,0,FALSE,1,1
1299,PCN CATHETR WITH NEEDLE 12FR-12CM,##,dummy,TAB,NOS,8,1,3004,12,0,1,0,0,0,0,0,1,0,0,TRY,0,FALSE,1,1
1300,PENTOWOK 40MG TAB,##,dummy,TAB,NOS,8,1,3004,12,0,1,0,0,0,0,0,1,0,0,TRY,0,FALSE,1,1
1301,PIMPLE CURE CREAM,##,dummy,TAB,NOS,8,1,3004,12,0,1,0,0,0,0,0,1,0,0,TRY,0,FALSE,1,1
1302,PIMPLEX GEL,##,dummy,TAB,NOS,8,1,3004,12,0,1,0,0,0,0,0,1,0,0,TRY,0,FALSE,1,1
1303,PINKY TAB,##,dummy,TAB,NOS,8,1,3004,12,0,1,0,0,0,0,0,1,0,0,TRY,0,FALSE,1,1
1304,PIOGLITAZONE HYDROCHLORIDE USP 15 MG TAB 10S,##,dummy,TAB,NOS,8,1,3004,12,0,1,0,0,0,0,0,1,0,0,TRY,0,FALSE,1,1
1305,PIOLON 15 TAB,##,dummy,TAB,NOS,8,1,3004,12,0,1,0,0,0,0,0,1,0,0,TRY,0,FALSE,1,1
1306,PIPCORP - 4.5GM INJ,##,dummy,TAB,NOS,8,1,3004,12,0,1,0,0,0,0,0,1,0,0,TRY,0,FALSE,1,1
1307,PRAZONOL 5 XL TAB,##,dummy,TAB,NOS,8,1,3004,12,0,1,0,0,0,0,0,1,0,0,TRY,0,FALSE,1,1
1308,PRAZONOL XL 2.5 TAB,##,dummy,TAB,NOS,8,1,3004,12,0,1,0,0,0,0,0,1,0,0,TRY,0,FALSE,1,1
1309,PREGABANYL CAP,##,dummy,TAB,NOS,8,1,3004,12,0,1,0,0,0,0,0,1,0,0,TRY,0,FALSE,1,1
1310,PREGANZA ME TAB,##,dummy,TAB,NOS,8,1,3004,12,0,1,0,0,0,0,0,1,0,0,TRY,0,FALSE,1,1
1311,PROCIN (PARA) 500,##,dummy,TAB,NOS,8,1,3004,12,0,1,0,0,0,0,0,1,0,0,TRY,0,FALSE,1,1
1312,PRONOL 10MG TAB,##,dummy,TAB,NOS,8,1,3004,12,0,1,0,0,0,0,0,1,0,0,TRY,0,FALSE,1,1
1313,PRONOL 40 MG TAB,##,dummy,TAB,NOS,8,1,3004,12,0,1,0,0,0,0,0,1,0,0,TRY,0,FALSE,1,1
1314,QURODERM CREAM,##,dummy,TAB,NOS,8,1,3004,12,0,1,0,0,0,0,0,1,0,0,TRY,0,FALSE,1,1
1315,RABALKEM 20MG TAB,##,dummy,TAB,NOS,8,1,3004,12,0,1,0,0,0,0,0,1,0,0,TRY,0,FALSE,1,1
1316,RABALKEM DSR CAP,##,dummy,TAB,NOS,8,1,3004,12,0,1,0,0,0,0,0,1,0,0,TRY,0,FALSE,1,1
1317,RAMI RACE 2.5 MG TAB,##,dummy,TAB,NOS,8,1,3004,12,0,1,0,0,0,0,0,1,0,0,TRY,0,FALSE,1,1
1318,RBR D CAPS,##,dummy,TAB,NOS,8,1,3004,12,0,1,0,0,0,0,0,1,0,0,TRY,0,FALSE,1,1
1319,REFRESH TEARS EYE DROPS,##,dummy,TAB,NOS,8,1,3004,12,0,1,0,0,0,0,0,1,0,0,TRY,0,FALSE,1,1
1320,RENERVE PLUS INJ,##,dummy,TAB,NOS,8,1,3004,12,0,1,0,0,0,0,0,1,0,0,TRY,0,FALSE,1,1
1321,RING O RAP CREAM 12GM,##,dummy,TAB,NOS,8,1,3004,12,0,1,0,0,0,0,0,1,0,0,TRY,0,FALSE,1,1
1322,RISPOND 1MG TAB,##,dummy,TAB,NOS,8,1,3004,12,0,1,0,0,0,0,0,1,0,0,TRY,0,FALSE,1,1
1323,ROLEX C 10 MG TAB,##,dummy,TAB,NOS,8,1,3004,12,0,1,0,0,0,0,0,1,0,0,TRY,0,FALSE,1,1
1324,ROSUVAS 10MG TAB,##,dummy,TAB,NOS,8,1,3004,12,0,1,0,0,0,0,0,1,0,0,TRY,0,FALSE,1,1
1325,ROZUTIN 20 MG TAB,##,dummy,TAB,NOS,8,1,3004,12,0,1,0,0,0,0,0,1,0,0,TRY,0,FALSE,1,1
1326,ROZUTIN 5 MG TAB,##,dummy,TAB,NOS,8,1,3004,12,0,1,0,0,0,0,0,1,0,0,TRY,0,FALSE,1,1
1327,SCALPE + SHAMPOO 75ML,##,dummy,TAB,NOS,8,1,3004,12,0,1,0,0,0,0,0,1,0,0,TRY,0,FALSE,1,1
1328,SENI AIR CLASSIC MEDIUM 10S,##,dummy,TAB,NOS,8,1,3004,12,0,1,0,0,0,0,0,1,0,0,TRY,0,FALSE,1,1
1329,SENI CARE WET WIPES 10S,##,dummy,TAB,NOS,8,1,3004,12,0,1,0,0,0,0,0,1,0,0,TRY,0,FALSE,1,1
1330,SENI SOFT COMFORT 90-60CM,##,dummy,TAB,NOS,8,1,3004,12,0,1,0,0,0,0,0,1,0,0,TRY,0,FALSE,1,1
1331,SERENACE 10MG TAB,##,dummy,TAB,NOS,8,1,3004,12,0,1,0,0,0,0,0,1,0,0,TRY,0,FALSE,1,1
1332,SERLIFT 100MG TAB,##,dummy,TAB,NOS,8,1,3004,12,0,1,0,0,0,0,0,1,0,0,TRY,0,FALSE,1,1
1333,SEROFLO 250 ROTACAPS,##,dummy,TAB,NOS,8,1,3004,12,0,1,0,0,0,0,0,1,0,0,TRY,0,FALSE,1,1
1334,SETRIDE TAB,##,dummy,TAB,NOS,8,1,3004,12,0,1,0,0,0,0,0,1,0,0,TRY,0,FALSE,1,1
1335,SGOT 25ML,##,dummy,TAB,NOS,8,1,3004,12,0,1,0,0,0,0,0,1,0,0,TRY,0,FALSE,1,1
1336,SHELCAL HD TAB,##,dummy,TAB,NOS,8,1,3004,12,0,1,0,0,0,0,0,1,0,0,TRY,0,FALSE,1,1
1337,SIBOFIX 400MG TAB,##,dummy,TAB,NOS,8,1,3004,12,0,1,0,0,0,0,0,1,0,0,TRY,0,FALSE,1,1
1338,SILIDON TAB,##,dummy,TAB,NOS,8,1,3004,12,0,1,0,0,0,0,0,1,0,0,TRY,0,FALSE,1,1
1339,SILVEX PLUS CREAM,##,dummy,TAB,NOS,8,1,3004,12,0,1,0,0,0,0,0,1,0,0,TRY,0,FALSE,1,1
1340,SKINSHINE SOAP,##,dummy,TAB,NOS,8,1,3004,12,0,1,0,0,0,0,0,1,0,0,TRY,0,FALSE,1,1
1341,SODIUM FLOURIDE TUBE 100T,##,dummy,TAB,NOS,8,1,3004,12,0,1,0,0,0,0,0,1,0,0,TRY,0,FALSE,1,1
1342,SPORIDEX 500MG CAP,##,dummy,TAB,NOS,8,1,3004,12,0,1,0,0,0,0,0,1,0,0,TRY,0,FALSE,1,1
1343,STAMINA OD TAB,##,dummy,TAB,NOS,8,1,3004,12,0,1,0,0,0,0,0,1,0,0,TRY,0,FALSE,1,1
1344,STAYFREE DRY MAX ALL NIGHT ULTRA DRY XL PACK 28,##,dummy,TAB,NOS,8,1,3004,12,0,1,0,0,0,0,0,1,0,0,TRY,0,FALSE,1,1
1345,STAYFREE DRY MAX ULTRA DRY XL WITH WINGS PACK 7,##,dummy,TAB,NOS,8,1,3004,12,0,1,0,0,0,0,0,1,0,0,TRY,0,FALSE,1,1
1346,STAYFREE SECURE COTTONY 7 PCS,##,dummy,TAB,NOS,8,1,3004,12,0,1,0,0,0,0,0,1,0,0,TRY,0,FALSE,1,1
1347,STEAM INHALER,##,dummy,TAB,NOS,8,1,3004,12,0,1,0,0,0,0,0,1,0,0,TRY,0,FALSE,1,1
1348,SUPRADYN TAB,##,dummy,TAB,NOS,8,1,3004,12,0,1,0,0,0,0,0,1,0,0,TRY,0,FALSE,1,1
1349,SYPHILIS CARD,##,dummy,TAB,NOS,8,1,3004,12,0,1,0,0,0,0,0,1,0,0,TRY,0,FALSE,1,1
1350,TAMIRICH 5G TAB,##,dummy,TAB,NOS,8,1,3004,12,0,1,0,0,0,0,0,1,0,0,TRY,0,FALSE,1,1
1351,TAMIRICH SYRUP 200ML,##,dummy,TAB,NOS,8,1,3004,12,0,1,0,0,0,0,0,1,0,0,TRY,0,FALSE,1,1
1352,TEDIBAR SOAP 75GM,##,dummy,TAB,NOS,8,1,3004,12,0,1,0,0,0,0,0,1,0,0,TRY,0,FALSE,1,1
1353,TELKONOL H,##,dummy,TAB,NOS,8,1,3004,12,0,1,0,0,0,0,0,1,0,0,TRY,0,FALSE,1,1
1354,TELKONOL M 50 MG TAB,##,dummy,TAB,NOS,8,1,3004,12,0,1,0,0,0,0,0,1,0,0,TRY,0,FALSE,1,1
1355,TELKONOL-20MG,##,dummy,TAB,NOS,8,1,3004,12,0,1,0,0,0,0,0,1,0,0,TRY,0,FALSE,1,1
1356,TELKONOL-80 TAB,##,dummy,TAB,NOS,8,1,3004,12,0,1,0,0,0,0,0,1,0,0,TRY,0,FALSE,1,1
1357,TENNIS ELBOW BRACE S-1,##,dummy,TAB,NOS,8,1,3004,12,0,1,0,0,0,0,0,1,0,0,TRY,0,FALSE,1,1
1358,TENNIS ELBOW BRACE S-2,##,dummy,TAB,NOS,8,1,3004,12,0,1,0,0,0,0,0,1,0,0,TRY,0,FALSE,1,1
1359,TENORMIN 50MG TAB,##,dummy,TAB,NOS,8,1,3004,12,0,1,0,0,0,0,0,1,0,0,TRY,0,FALSE,1,1
1360,THULASI JAR,##,dummy,TAB,NOS,8,1,3004,12,0,1,0,0,0,0,0,1,0,0,TRY,0,FALSE,1,1
1361,THUTHUVALLAI CHOCLATE,##,dummy,TAB,NOS,8,1,3004,12,0,1,0,0,0,0,0,1,0,0,TRY,0,FALSE,1,1
1362,TICAVIC 90MG TAB,##,dummy,TAB,NOS,8,1,3004,12,0,1,0,0,0,0,0,1,0,0,TRY,0,FALSE,1,1
1363,TISSUE PAPER ROLL,##,dummy,TAB,NOS,8,1,3004,12,0,1,0,0,0,0,0,1,0,0,TRY,0,FALSE,1,1
1364,TONRICH,##,dummy,TAB,NOS,8,1,3004,12,0,1,0,0,0,0,0,1,0,0,TRY,0,FALSE,1,1
1365,TORSINOL 10 MG TAB,##,dummy,TAB,NOS,8,1,3004,12,0,1,0,0,0,0,0,1,0,0,TRY,0,FALSE,1,1
1366,TORSINOL 40 TAB,##,dummy,TAB,NOS,8,1,3004,12,0,1,0,0,0,0,0,1,0,0,TRY,0,FALSE,1,1
1367,TORSINOL 5 TAB,##,dummy,TAB,NOS,8,1,3004,12,0,1,0,0,0,0,0,1,0,0,TRY,0,FALSE,1,1
1368,TORSINOL PLUS TAB,##,dummy,TAB,NOS,8,1,3004,12,0,1,0,0,0,0,0,1,0,0,TRY,0,FALSE,1,1
1369,TRIGARD CREAM,##,dummy,TAB,NOS,8,1,3004,12,0,1,0,0,0,0,0,1,0,0,TRY,0,FALSE,1,1
1370,TRIPHALA CAP,##,dummy,TAB,NOS,8,1,3004,12,0,1,0,0,0,0,0,1,0,0,TRY,0,FALSE,1,1
1371,UREA BERTHLOT 2X50ML,##,dummy,TAB,NOS,8,1,3004,12,0,1,0,0,0,0,0,1,0,0,TRY,0,FALSE,1,1
1372,URIC ACID 4X25,##,dummy,TAB,NOS,8,1,3004,12,0,1,0,0,0,0,0,1,0,0,TRY,0,FALSE,1,1
1373,VALLARAI JAR 220,##,dummy,TAB,NOS,8,1,3004,12,0,1,0,0,0,0,0,1,0,0,TRY,0,FALSE,1,1
1374,VEECEE-Z VITAMIN C 500MG TAB,##,dummy,TAB,NOS,8,1,3004,12,0,1,0,0,0,0,0,1,0,0,TRY,0,FALSE,1,1
1375,VERTIFORD 8MG TAB,##,dummy,TAB,NOS,8,1,3004,12,0,1,0,0,0,0,0,1,0,0,TRY,0,FALSE,1,1
1376,VICKS VAPORUB 10GM,##,dummy,TAB,NOS,8,1,3004,12,0,1,0,0,0,0,0,1,0,0,TRY,0,FALSE,1,1
1377,VILDANOL 50 MG TAB,##,dummy,TAB,NOS,8,1,3004,12,0,1,0,0,0,0,0,1,0,0,TRY,0,FALSE,1,1
1378,VILDANOL MF 500 MG TAB,##,dummy,TAB,NOS,8,1,3004,12,0,1,0,0,0,0,0,1,0,0,TRY,0,FALSE,1,1
1379,VOGLIBOZ 0.2MG TAB,##,dummy,TAB,NOS,8,1,3004,12,0,1,0,0,0,0,0,1,0,0,TRY,0,FALSE,1,1
1380,VOGLIBOZ-M3 TAB,##,dummy,TAB,NOS,8,1,3004,12,0,1,0,0,0,0,0,1,0,0,TRY,0,FALSE,1,1
1381,VOGLISTAR MD 0.2MG TAB 10`S,##,dummy,TAB,NOS,8,1,3004,12,0,1,0,0,0,0,0,1,0,0,TRY,0,FALSE,1,1
1382,VOLIBOSE 0.2MG TAB,##,dummy,TAB,NOS,8,1,3004,12,0,1,0,0,0,0,0,1,0,0,TRY,0,FALSE,1,1
1383,VOLOGIX 0.2 MG TAB,##,dummy,TAB,NOS,8,1,3004,12,0,1,0,0,0,0,0,1,0,0,TRY,0,FALSE,1,1
1384,VOLOGIX 0.3 MG TAB,##,dummy,TAB,NOS,8,1,3004,12,0,1,0,0,0,0,0,1,0,0,TRY,0,FALSE,1,1
1385,WALKER PC,##,dummy,TAB,NOS,8,1,3004,12,0,1,0,0,0,0,0,1,0,0,TRY,0,FALSE,1,1
1386,WELSET 500MG TAB,##,dummy,TAB,NOS,8,1,3004,12,0,1,0,0,0,0,0,1,0,0,TRY,0,FALSE,1,1
1387,WELSET 650MG,##,dummy,TAB,NOS,8,1,3004,12,0,1,0,0,0,0,0,1,0,0,TRY,0,FALSE,1,1
1388,WISDOM MUSLI?POWER CAPSULE?,##,dummy,TAB,NOS,8,1,3004,12,0,1,0,0,0,0,0,1,0,0,TRY,0,FALSE,1,1
1389,WISDOM NATURAL ALOVERA?JUICE,##,dummy,TAB,NOS,8,1,3004,12,0,1,0,0,0,0,0,1,0,0,TRY,0,FALSE,1,1
1390,WISDOM NATURAL ENZYME?SYRUP?,##,dummy,TAB,NOS,8,1,3004,12,0,1,0,0,0,0,0,1,0,0,TRY,0,FALSE,1,1
1391,WISDOM NATURAL KESAR KALP CHYAWANPRASH 1000GM,##,dummy,TAB,NOS,8,1,3004,12,0,1,0,0,0,0,0,1,0,0,TRY,0,FALSE,1,1
1392,WISDOM NATURAL KESAR KALP CHYAWANPRASH 500GM,##,dummy,TAB,NOS,8,1,3004,12,0,1,0,0,0,0,0,1,0,0,TRY,0,FALSE,1,1
1393,WISDOM NATURAL LIVFRESH SYRUP,##,dummy,TAB,NOS,8,1,3004,12,0,1,0,0,0,0,0,1,0,0,TRY,0,FALSE,1,1
1394,WISDOM NATURAL NIMACURE?GEL,##,dummy,TAB,NOS,8,1,3004,12,0,1,0,0,0,0,0,1,0,0,TRY,0,FALSE,1,1
1395,WISDOM NATURAL TRIPHALA JUICE?,##,dummy,TAB,NOS,8,1,3004,12,0,1,0,0,0,0,0,1,0,0,TRY,0,FALSE,1,1
1396,WISDOM NATURAL WELLESHEA CHAMOMILE INFUSION TEABAGS,##,dummy,TAB,NOS,8,1,3004,12,0,1,0,0,0,0,0,1,0,0,TRY,0,FALSE,1,1
1397,WISDOM NATURAL WELLESHEA DETOX TEA,##,dummy,TAB,NOS,8,1,3004,12,0,1,0,0,0,0,0,1,0,0,TRY,0,FALSE,1,1
1398,WISDOM NATURAL WELLESHEA DIGESTIVE HERBAL TEA,##,dummy,TAB,NOS,8,1,3004,12,0,1,0,0,0,0,0,1,0,0,TRY,0,FALSE,1,1
1399,WISDOM NATURAL WELLESHEA GREEN COFFEE PREMIX SACHET,##,dummy,TAB,NOS,8,1,3004,12,0,1,0,0,0,0,0,1,0,0,TRY,0,FALSE,1,1
1400,WISDOM NATURAL WELLESHEA GREEN TEA WITH HONEY AND GINGER,##,dummy,TAB,NOS,8,1,3004,12,0,1,0,0,0,0,0,1,0,0,TRY,0,FALSE,1,1
1401,WISDOM NATURAL WELLESHEA GREEN TEA WITH HONEY AND LEMON,##,dummy,TAB,NOS,8,1,3004,12,0,1,0,0,0,0,0,1,0,0,TRY,0,FALSE,1,1
1402,WISDOM NATURAL WELLESHEA GREEN TEA WITH TULSI,##,dummy,TAB,NOS,8,1,3004,12,0,1,0,0,0,0,0,1,0,0,TRY,0,FALSE,1,1
1403,WISDOM NATURAL WELLESHEA HIBISCUS INFUSION TEABAGS,##,dummy,TAB,NOS,8,1,3004,12,0,1,0,0,0,0,0,1,0,0,TRY,0,FALSE,1,1
1404,WISDOM NATURAL WELLESHEA TANGY LEMON GREEN TEA,##,dummy,TAB,NOS,8,1,3004,12,0,1,0,0,0,0,0,1,0,0,TRY,0,FALSE,1,1
1405,WISDOM NATURAL WELLESHEA TURMERIC AND PEPPER GREEN TEA,##,dummy,TAB,NOS,8,1,3004,12,0,1,0,0,0,0,0,1,0,0,TRY,0,FALSE,1,1
1406,WISDOM NATURAL YONO PAIN OIL 60 ML,##,dummy,TAB,NOS,8,1,3004,12,0,1,0,0,0,0,0,1,0,0,TRY,0,FALSE,1,1
1407,WISDOM NATURAL YONO-PLUS HERBAL PAIN OIL,##,dummy,TAB,NOS,8,1,3004,12,0,1,0,0,0,0,0,1,0,0,TRY,0,FALSE,1,1
1408,WISDOM? NATURAL MENOQUEEN (WITH 24 TABS),##,dummy,TAB,NOS,8,1,3004,12,0,1,0,0,0,0,0,1,0,0,TRY,0,FALSE,1,1
1409,WOODWARDS GRIPE WATER 130ML,##,dummy,TAB,NOS,8,1,3004,12,0,1,0,0,0,0,0,1,0,0,TRY,0,FALSE,1,1
1410,WOODWARDS GRIPE WATER CONTAINER 200ML,##,dummy,TAB,NOS,8,1,3004,12,0,1,0,0,0,0,0,1,0,0,TRY,0,FALSE,1,1
1411,WOPPER HAND SANITIZER GEL 500ML,##,dummy,TAB,NOS,8,1,3004,12,0,1,0,0,0,0,0,1,0,0,TRY,0,FALSE,1,1
1412,WOSULIN 30/70 40IU INJ VAIL,##,dummy,TAB,NOS,8,1,3004,12,0,1,0,0,0,0,0,1,0,0,TRY,0,FALSE,1,1
1413,XTRAFUN DOTTED RUBBER LATEX WITH BENZOCAINE CHOCOLATE FLAVOUR,##,dummy,TAB,NOS,8,1,3004,12,0,1,0,0,0,0,0,1,0,0,TRY,0,FALSE,1,1
1414,XTRAFUN MULTITEXTURE LATEX MIX FRUIT,##,dummy,TAB,NOS,8,1,3004,12,0,1,0,0,0,0,0,1,0,0,TRY,0,FALSE,1,1
1415,XTRAFUN ULTRATHIN LATEX STRAWBERRY FLAVOUR,##,dummy,TAB,NOS,8,1,3004,12,0,1,0,0,0,0,0,1,0,0,TRY,0,FALSE,1,1
1416,YES MOM BABY MESSEGE OIL,##,dummy,TAB,NOS,8,1,3004,12,0,1,0,0,0,0,0,1,0,0,TRY,0,FALSE,1,1
1417,YESMOM BABY SOAP (OPAQUE),##,dummy,TAB,NOS,8,1,3004,12,0,1,0,0,0,0,0,1,0,0,TRY,0,FALSE,1,1
1418,YESMOM BABY WIPES,##,dummy,TAB,NOS,8,1,3004,12,0,1,0,0,0,0,0,1,0,0,TRY,0,FALSE,1,1
1419,ZANDU BALM 10GM,##,dummy,TAB,NOS,8,1,3004,12,0,1,0,0,0,0,0,1,0,0,TRY,0,FALSE,1,1
1420,ZEEBEE SUSP,##,dummy,TAB,NOS,8,1,3004,12,0,1,0,0,0,0,0,1,0,0,TRY,0,FALSE,1,1
1421,ZEFCORT 6MG TAB,##,dummy,TAB,NOS,8,1,3004,12,0,1,0,0,0,0,0,1,0,0,TRY,0,FALSE,1,1
1422,ZINCOFER LIQUID,##,dummy,TAB,NOS,8,1,3004,12,0,1,0,0,0,0,0,1,0,0,TRY,0,FALSE,1,1
1423,ZINCOVIT DROPS 15 ML,##,dummy,TAB,NOS,8,1,3004,12,0,1,0,0,0,0,0,1,0,0,TRY,0,FALSE,1,1
1424,ZINCOVIT SYP,##,dummy,TAB,NOS,8,1,3004,12,0,1,0,0,0,0,0,1,0,0,TRY,0,FALSE,1,1
1425,ZINCOVIT TAB,##,dummy,TAB,NOS,8,1,3004,12,0,1,0,0,0,0,0,1,0,0,TRY,0,FALSE,1,1
1426,ZYCOLCHIN 0.5MG TAB,##,dummy,TAB,NOS,8,1,3004,12,0,1,0,0,0,0,0,1,0,0,TRY,0,FALSE,1,1
1427,ZYTANIX 2.5MG TAB,##,dummy,TAB,NOS,8,1,3004,12,0,1,0,0,0,0,0,1,0,0,TRY,0,FALSE,1,1
1428,ZYTEE GEL TUBE,##,dummy,TAB,NOS,8,1,3004,12,0,1,0,0,0,0,0,1,0,0,TRY,0,FALSE,1,1
1429,LIPVAS 10MG TAB,##,dummy,TAB,NOS,8,1,3004,12,0,1,0,0,0,0,0,1,0,0,TRY,0,FALSE,1,1
1430,LULITEC CREAM 20 GM,##,dummy,TAB,NOS,8,1,3004,12,0,1,0,0,0,0,0,1,0,0,TRY,0,FALSE,1,1
1431,VOMISTOP 10MG TAB,##,dummy,TAB,NOS,8,1,3004,12,0,1,0,0,0,0,0,1,0,0,TRY,0,FALSE,1,1
1432,GENTOSAN EYE AND EAR DROPS,##,dummy,TAB,NOS,8,1,3004,12,0,1,0,0,0,0,0,1,0,0,TRY,0,FALSE,1,1
1433,ALPRABAK 0.5,##,dummy,TAB,NOS,8,1,3004,12,0,1,0,0,0,0,0,1,0,0,TRY,0,FALSE,1,1
1434,ZYNOL 150MG TAB,##,dummy,TAB,NOS,8,1,3004,12,0,1,0,0,0,0,0,1,0,0,TRY,0,FALSE,1,1
1435,CLOPIDOL 75 MG TAB,##,dummy,TAB,NOS,8,1,3004,12,0,1,0,0,0,0,0,1,0,0,TRY,0,FALSE,1,1
1436,NEUROTIN PLUS INJ 2ML,##,dummy,TAB,NOS,8,1,3004,12,0,1,0,0,0,0,0,1,0,0,TRY,0,FALSE,1,1
1437,CIPCAL 500,##,dummy,TAB,NOS,8,1,3004,12,0,1,0,0,0,0,0,1,0,0,TRY,0,FALSE,1,1
1438,GLUFORMIN XL 500MG TAB,##,dummy,TAB,NOS,8,1,3004,12,0,1,0,0,0,0,0,1,0,0,TRY,0,FALSE,1,1
1439,ASCORIL LS EXPT,##,dummy,TAB,NOS,8,1,3004,12,0,1,0,0,0,0,0,1,0,0,TRY,0,FALSE,1,1
1440,CYRA D CAP,##,dummy,TAB,NOS,8,1,3004,12,0,1,0,0,0,0,0,1,0,0,TRY,0,FALSE,1,1
1441,MAXGALIN ER 75,##,dummy,TAB,NOS,8,1,3004,12,0,1,0,0,0,0,0,1,0,0,TRY,0,FALSE,1,1
1442,PACITANE TAB,##,dummy,TAB,NOS,8,1,3004,12,0,1,0,0,0,0,0,1,0,0,TRY,0,FALSE,1,1
1443,PIOGLIT 15MG TAB,##,dummy,TAB,NOS,8,1,3004,12,0,1,0,0,0,0,0,1,0,0,TRY,0,FALSE,1,1
1444,REPACE 25MG TAB,##,dummy,TAB,NOS,8,1,3004,12,0,1,0,0,0,0,0,1,0,0,TRY,0,FALSE,1,1
1445,ROSUVAS 5MG TAB,##,dummy,TAB,NOS,8,1,3004,12,0,1,0,0,0,0,0,1,0,0,TRY,0,FALSE,1,1
1446,ALPRAX 0.5MG TAB,##,dummy,TAB,NOS,8,1,3004,12,0,1,0,0,0,0,0,1,0,0,TRY,0,FALSE,1,1
1447,DILNIP 5,##,dummy,TAB,NOS,8,1,3004,12,0,1,0,0,0,0,0,1,0,0,TRY,0,FALSE,1,1
1448,NOOTROPIL 800MG TAB,##,dummy,TAB,NOS,8,1,3004,12,0,1,0,0,0,0,0,1,0,0,TRY,0,FALSE,1,1
1449,OLMAT 20MG TAB,##,dummy,TAB,NOS,8,1,3004,12,0,1,0,0,0,0,0,1,0,0,TRY,0,FALSE,1,1
1450,TELSARTAN 40MG TAB 14S,##,dummy,TAB,NOS,8,1,3004,12,0,1,0,0,0,0,0,1,0,0,TRY,0,FALSE,1,1
1451,ATORBEST 10MG,##,dummy,TAB,NOS,8,1,3004,12,0,1,0,0,0,0,0,1,0,0,TRY,0,FALSE,1,1
1452,BANDAGE ROLL 10CM * 3,##,dummy,TAB,NOS,8,1,3004,12,0,1,0,0,0,0,0,1,0,0,TRY,0,FALSE,1,1
1453,ABSORBENT COTTON WOOL 25G,##,dummy,TAB,NOS,8,1,3004,12,0,1,0,0,0,0,0,1,0,0,TRY,0,FALSE,1,1
1454,GLIMP M2,##,dummy,TAB,NOS,8,1,3004,12,0,1,0,0,0,0,0,1,0,0,TRY,0,FALSE,1,1
1455,DEBILIPTIN M,##,dummy,TAB,NOS,8,1,3004,12,0,1,0,0,0,0,0,1,0,0,TRY,0,FALSE,1,1
1456,PREGABANYL PLAIN 75MG,##,dummy,TAB,NOS,8,1,3004,12,0,1,0,0,0,0,0,1,0,0,TRY,0,FALSE,1,1
1457,LEVETRANOL 500MG,##,dummy,TAB,NOS,8,1,3004,12,0,1,0,0,0,0,0,1,0,0,TRY,0,FALSE,1,1
1458,RAMI RACE 5MG,##,dummy,TAB,NOS,8,1,3004,12,0,1,0,0,0,0,0,1,0,0,TRY,0,FALSE,1,1
1459,ROZUTIN 10 MG,##,dummy,TAB,NOS,8,1,3004,12,0,1,0,0,0,0,0,1,0,0,TRY,0,FALSE,1,1
1460,TELKONOL AM,##,dummy,TAB,NOS,8,1,3004,12,0,1,0,0,0,0,0,1,0,0,TRY,0,FALSE,1,1
1461,TELKONOL 40 MG,##,dummy,TAB,NOS,8,1,3004,12,0,1,0,0,0,0,0,1,0,0,TRY,0,FALSE,1,1
1462,FLUCOLD TAB,##,dummy,TAB,NOS,8,1,3004,12,0,1,0,0,0,0,0,1,0,0,TRY,0,FALSE,1,1
1463,GALVUS MET 50/500 TABLET,##,dummy,TAB,NOS,8,1,3004,12,0,1,0,0,0,0,0,1,0,0,TRY,0,FALSE,1,1
1464,ZOLFRESH 5MG TAB,##,dummy,TAB,NOS,8,1,3004,12,0,1,0,0,0,0,0,1,0,0,TRY,0,FALSE,1,1
1465,HORLICKS LITE,##,dummy,TAB,NOS,8,1,3004,12,0,1,0,0,0,0,0,1,0,0,TRY,0,FALSE,1,1
1466,DABUR 45GM,##,dummy,TAB,NOS,8,1,3004,12,0,1,0,0,0,0,0,1,0,0,TRY,0,FALSE,1,1
1467,KORANDIL 5MG TAB,##,dummy,TAB,NOS,8,1,3004,12,0,1,0,0,0,0,0,1,0,0,TRY,0,FALSE,1,1
1468,SEACOD COD LIVER OIL CAP,##,dummy,TAB,NOS,8,1,3004,12,0,1,0,0,0,0,0,1,0,0,TRY,0,FALSE,1,1
1469,AMARYL 1MG TAB,##,dummy,TAB,NOS,8,1,3004,12,0,1,0,0,0,0,0,1,0,0,TRY,0,FALSE,1,1
1470,FLUTIFLO FT NASAL,##,dummy,TAB,NOS,8,1,3004,12,0,1,0,0,0,0,0,1,0,0,TRY,0,FALSE,1,1
1471,LOPAMIDE 2MG TAB,##,dummy,TAB,NOS,8,1,3004,12,0,1,0,0,0,0,0,1,0,0,TRY,0,FALSE,1,1
1472,CETAPIN XR 1GM TAB 10`S,##,dummy,TAB,NOS,8,1,3004,12,0,1,0,0,0,0,0,1,0,0,TRY,0,FALSE,1,1
1473,PANTOCID 40MG TAB,##,dummy,TAB,NOS,8,1,3004,12,0,1,0,0,0,0,0,1,0,0,TRY,0,FALSE,1,1
1474,GLYNASE MF TAB,##,dummy,TAB,NOS,8,1,3004,12,0,1,0,0,0,0,0,1,0,0,TRY,0,FALSE,1,1
1475,GLYCOMET 1GM TAB,##,dummy,TAB,NOS,8,1,3004,12,0,1,0,0,0,0,0,1,0,0,TRY,0,FALSE,1,1
1476,GLYCOMET 250MG TAB,##,dummy,TAB,NOS,8,1,3004,12,0,1,0,0,0,0,0,1,0,0,TRY,0,FALSE,1,1
1477,GLIMESTAR 2MG TAB,##,dummy,TAB,NOS,8,1,3004,12,0,1,0,0,0,0,0,1,0,0,TRY,0,FALSE,1,1
1478,GLYCOMET 500MG TAB,##,dummy,TAB,NOS,8,1,3004,12,0,1,0,0,0,0,0,1,0,0,TRY,0,FALSE,1,1
1479,RENERVE PLUS CAP,##,dummy,TAB,NOS,8,1,3004,12,0,1,0,0,0,0,0,1,0,0,TRY,0,FALSE,1,1
1480,ATIVAN 2MG TAB,##,dummy,TAB,NOS,8,1,3004,12,0,1,0,0,0,0,0,1,0,0,TRY,0,FALSE,1,1
1481,GELUSIL MPS SYP 400ML,##,dummy,TAB,NOS,8,1,3004,12,0,1,0,0,0,0,0,1,0,0,TRY,0,FALSE,1,1
1482,GELUSIL MPS TAB 15S,##,dummy,TAB,NOS,8,1,3004,12,0,1,0,0,0,0,0,1,0,0,TRY,0,FALSE,1,1
1483,MONOTRATE 10MG TAB,##,dummy,TAB,NOS,8,1,3004,12,0,1,0,0,0,0,0,1,0,0,TRY,0,FALSE,1,1
1484,NEOGADINE ELIXER SYP 300ML,##,dummy,TAB,NOS,8,1,3004,12,0,1,0,0,0,0,0,1,0,0,TRY,0,FALSE,1,1
1485,SYNDOPA 275MG,##,dummy,TAB,NOS,8,1,3004,12,0,1,0,0,0,0,0,1,0,0,TRY,0,FALSE,1,1
1486,TARGIT 40MG,##,dummy,TAB,NOS,8,1,3004,12,0,1,0,0,0,0,0,1,0,0,TRY,0,FALSE,1,1
1487,ELTROXIN 25MCG TAB,##,dummy,TAB,NOS,8,1,3004,12,0,1,0,0,0,0,0,1,0,0,TRY,0,FALSE,1,1
1488,TELMA 40MG TAB 30S,##,dummy,TAB,NOS,8,1,3004,12,0,1,0,0,0,0,0,1,0,0,TRY,0,FALSE,1,1
1489,GABAWIN 25MG,##,dummy,TAB,NOS,8,1,3004,12,0,1,0,0,0,0,0,1,0,0,TRY,0,FALSE,1,1
1490,ATIVAN 1MG TAB,##,dummy,TAB,NOS,8,1,3004,12,0,1,0,0,0,0,0,1,0,0,TRY,0,FALSE,1,1
1491,NICARDIA RETARD 10MG TAB,##,dummy,TAB,NOS,8,1,3004,12,0,1,0,0,0,0,0,1,0,0,TRY,0,FALSE,1,1
1492,DULCOFLEX TAB,##,dummy,TAB,NOS,8,1,3004,12,0,1,0,0,0,0,0,1,0,0,TRY,0,FALSE,1,1
1493,R LOC 150MG TAB,##,dummy,TAB,NOS,8,1,3004,12,0,1,0,0,0,0,0,1,0,0,TRY,0,FALSE,1,1
1494,NEXPRO L,##,dummy,TAB,NOS,8,1,3004,12,0,1,0,0,0,0,0,1,0,0,TRY,0,FALSE,1,1
1495,TELPRESS CT 40/12.5,##,dummy,TAB,NOS,8,1,3004,12,0,1,0,0,0,0,0,1,0,0,TRY,0,FALSE,1,1
1496,REVITAL H CAP 30`S,##,dummy,TAB,NOS,8,1,3004,12,0,1,0,0,0,0,0,1,0,0,TRY,0,FALSE,1,1
1497,T MINIC SYP,##,dummy,TAB,NOS,8,1,3004,12,0,1,0,0,0,0,0,1,0,0,TRY,0,FALSE,1,1
1498,RANOLAZ 500MG TAB,##,dummy,TAB,NOS,8,1,3004,12,0,1,0,0,0,0,0,1,0,0,TRY,0,FALSE,1,1
1499,PICLIN SYRUP 150ML,##,dummy,TAB,NOS,8,1,3004,12,0,1,0,0,0,0,0,1,0,0,TRY,0,FALSE,1,1
1500,GLYCIPHAGE 500MG TAB,##,dummy,TAB,NOS,8,1,3004,12,0,1,0,0,0,0,0,1,0,0,TRY,0,FALSE,1,1
1501,TOSSEX SYP,##,dummy,TAB,NOS,8,1,3004,12,0,1,0,0,0,0,0,1,0,0,TRY,0,FALSE,1,1
1502,FOLVITE ACTIVE,##,dummy,TAB,NOS,8,1,3004,12,0,1,0,0,0,0,0,1,0,0,TRY,0,FALSE,1,1
1503,NOVOMIX 30 HM PENFIL INJ 3ML,##,dummy,TAB,NOS,8,1,3004,12,0,1,0,0,0,0,0,1,0,0,TRY,0,FALSE,1,1
1504,RENU FRESH SOLUTION 120ML,##,dummy,TAB,NOS,8,1,3004,12,0,1,0,0,0,0,0,1,0,0,TRY,0,FALSE,1,1
1505,CALADRYL LOTION 120ML,##,dummy,TAB,NOS,8,1,3004,12,0,1,0,0,0,0,0,1,0,0,TRY,0,FALSE,1,1
1506,CLONOTRIL 0.25MG TAB,##,dummy,TAB,NOS,8,1,3004,12,0,1,0,0,0,0,0,1,0,0,TRY,0,FALSE,1,1
1507,OKAMET 500MG,##,dummy,TAB,NOS,8,1,3004,12,0,1,0,0,0,0,0,1,0,0,TRY,0,FALSE,1,1
1508,STERILE GLOVES 8,##,dummy,TAB,NOS,8,1,3004,12,0,1,0,0,0,0,0,1,0,0,TRY,0,FALSE,1,1
1509,EXAMINATION GLOVES M,##,dummy,TAB,NOS,8,1,3004,12,0,1,0,0,0,0,0,1,0,0,TRY,0,FALSE,1,1
1510,JARDIANCE 10MG TAB,##,dummy,TAB,NOS,8,1,3004,12,0,1,0,0,0,0,0,1,0,0,TRY,0,FALSE,1,1
1511,ECOSPRIN 75MG TAB,##,dummy,TAB,NOS,8,1,3004,12,0,1,0,0,0,0,0,1,0,0,TRY,0,FALSE,1,1
1512,BENADRYL COUGH FORMULA 150ML,##,dummy,TAB,NOS,8,1,3004,12,0,1,0,0,0,0,0,1,0,0,TRY,0,FALSE,1,1
1513,LIVOGEN CAPTAB,##,dummy,TAB,NOS,8,1,3004,12,0,1,0,0,0,0,0,1,0,0,TRY,0,FALSE,1,1
1514,EVION LC TAB,##,dummy,TAB,NOS,8,1,3004,12,0,1,0,0,0,0,0,1,0,0,TRY,0,FALSE,1,1
1515,CREMAFFIN LAXATIVE LIQUID SYP 225ML,##,dummy,TAB,NOS,8,1,3004,12,0,1,0,0,0,0,0,1,0,0,TRY,0,FALSE,1,1
1516,MELMET SR 500MG TAB,##,dummy,TAB,NOS,8,1,3004,12,0,1,0,0,0,0,0,1,0,0,TRY,0,FALSE,1,1
1517,NEBICARD 5MG TAB,##,dummy,TAB,NOS,8,1,3004,12,0,1,0,0,0,0,0,1,0,0,TRY,0,FALSE,1,1
1518,SOFRAMYCIN SKIN CREAM 30GM,##,dummy,TAB,NOS,8,1,3004,12,0,1,0,0,0,0,0,1,0,0,TRY,0,FALSE,1,1
1519,STAMLO 5MG TAB 30S,##,dummy,TAB,NOS,8,1,3004,12,0,1,0,0,0,0,0,1,0,0,TRY,0,FALSE,1,1
1520,VALZAAR 40MG TAB,##,dummy,TAB,NOS,8,1,3004,12,0,1,0,0,0,0,0,1,0,0,TRY,0,FALSE,1,1
1521,NICOSTAR 5MG TAB,##,dummy,TAB,NOS,8,1,3004,12,0,1,0,0,0,0,0,1,0,0,TRY,0,FALSE,1,1
1522,VOLINI SPRAY 40GM,##,dummy,TAB,NOS,8,1,3004,12,0,1,0,0,0,0,0,1,0,0,TRY,0,FALSE,1,1
1523,VOLINI SPRAY 15GM,##,dummy,TAB,NOS,8,1,3004,12,0,1,0,0,0,0,0,1,0,0,TRY,0,FALSE,1,1
1524,DEFCORT 6MG,##,dummy,TAB,NOS,8,1,3004,12,0,1,0,0,0,0,0,1,0,0,TRY,0,FALSE,1,1
1525,AMLOGARD 5MG TAB,##,dummy,TAB,NOS,8,1,3004,12,0,1,0,0,0,0,0,1,0,0,TRY,0,FALSE,1,1
1526,AZTOR 10MG TAB 15S,##,dummy,TAB,NOS,8,1,3004,12,0,1,0,0,0,0,0,1,0,0,TRY,0,FALSE,1,1
1527,BETAVERT 16MG TAB,##,dummy,TAB,NOS,8,1,3004,12,0,1,0,0,0,0,0,1,0,0,TRY,0,FALSE,1,1
1528,CALAPTIN 40MG TAB,##,dummy,TAB,NOS,8,1,3004,12,0,1,0,0,0,0,0,1,0,0,TRY,0,FALSE,1,1
1529,CLOPILET A 75MG CAP,##,dummy,TAB,NOS,8,1,3004,12,0,1,0,0,0,0,0,1,0,0,TRY,0,FALSE,1,1
1530,ECOSPRIN GOLD 20MG CAP,##,dummy,TAB,NOS,8,1,3004,12,0,1,0,0,0,0,0,1,0,0,TRY,0,FALSE,1,1
1531,ENSURE DIABETIC VANILLA POWDER 400GM,##,dummy,TAB,NOS,8,1,3004,12,0,1,0,0,0,0,0,1,0,0,TRY,0,FALSE,1,1
1532,GLYNASE TAB,##,dummy,TAB,NOS,8,1,3004,12,0,1,0,0,0,0,0,1,0,0,TRY,0,FALSE,1,1
1533,NITROSUN 5MG TAB,##,dummy,TAB,NOS,8,1,3004,12,0,1,0,0,0,0,0,1,0,0,TRY,0,FALSE,1,1
1534,ROSUVAS CV 10,##,dummy,TAB,NOS,8,1,3004,12,0,1,0,0,0,0,0,1,0,0,TRY,0,FALSE,1,1
1535,ULGEL CARDMOM FLAV SUSP 170ML,##,dummy,TAB,NOS,8,1,3004,12,0,1,0,0,0,0,0,1,0,0,TRY,0,FALSE,1,1
1536,ENSURE VANILLA POWDER 400GM,##,dummy,TAB,NOS,8,1,3004,12,0,1,0,0,0,0,0,1,0,0,TRY,0,FALSE,1,1
1537,GLYCOMET SR 500MG TAB,##,dummy,TAB,NOS,8,1,3004,12,0,1,0,0,0,0,0,1,0,0,TRY,0,FALSE,1,1
1538,HAND SANITIZER RUB FRESH 500ML,##,dummy,TAB,NOS,8,1,3004,12,0,1,0,0,0,0,0,1,0,0,TRY,0,FALSE,1,1
1539,LOBATE GM CREAM,##,dummy,TAB,NOS,8,1,3004,12,0,1,0,0,0,0,0,1,0,0,TRY,0,FALSE,1,1
1540,THYRONORM 100MCG TAB 120S,##,dummy,TAB,NOS,8,1,3004,12,0,1,0,0,0,0,0,1,0,0,TRY,0,FALSE,1,1
1541,ZIVAST 5MG TAB,##,dummy,TAB,NOS,8,1,3004,12,0,1,0,0,0,0,0,1,0,0,TRY,0,FALSE,1,1
1542,ALEX SF SYP 100ML,##,dummy,TAB,NOS,8,1,3004,12,0,1,0,0,0,0,0,1,0,0,TRY,0,FALSE,1,1
1543,CLAVIX 75MG TAB,##,dummy,TAB,NOS,8,1,3004,12,0,1,0,0,0,0,0,1,0,0,TRY,0,FALSE,1,1
1544,ACNIL SOAP 75MG,##,dummy,TAB,NOS,8,1,3004,12,0,1,0,0,0,0,0,1,0,0,TRY,0,FALSE,1,1
1545,CINAFEN TAB,##,dummy,TAB,NOS,8,1,3004,12,0,1,0,0,0,0,0,1,0,0,TRY,0,FALSE,1,1
1546,BOOST POWDER 500GM REFILL,##,dummy,TAB,NOS,8,1,3004,12,0,1,0,0,0,0,0,1,0,0,TRY,0,FALSE,1,1
1547,ALL OUT LIQUID,##,dummy,TAB,NOS,8,1,3004,12,0,1,0,0,0,0,0,1,0,0,TRY,0,FALSE,1,1
1548,GOOD NIGHT ACTIVE + LIQUID,##,dummy,TAB,NOS,8,1,3004,12,0,1,0,0,0,0,0,1,0,0,TRY,0,FALSE,1,1
1549,TANG,##,dummy,TAB,NOS,8,1,3004,12,0,1,0,0,0,0,0,1,0,0,TRY,0,FALSE,1,1
1550,VICKS VAPOURUB 50MG,##,dummy,TAB,NOS,8,1,3004,12,0,1,0,0,0,0,0,1,0,0,TRY,0,FALSE,1,1
1551,VICKS VAPORUB 25GM,##,dummy,TAB,NOS,8,1,3004,12,0,1,0,0,0,0,0,1,0,0,TRY,0,FALSE,1,1
1552,ELECTRAL ORANGE SACHET 4.40GM,##,dummy,TAB,NOS,8,1,3004,12,0,1,0,0,0,0,0,1,0,0,TRY,0,FALSE,1,1
1553,CANDID POWDER 100GM,##,dummy,TAB,NOS,8,1,3004,12,0,1,0,0,0,0,0,1,0,0,TRY,0,FALSE,1,1
1554,DIGENE MINT TAB,##,dummy,TAB,NOS,8,1,3004,12,0,1,0,0,0,0,0,1,0,0,TRY,0,FALSE,1,1
1555,ZEPTAL 200,##,dummy,TAB,NOS,8,1,3004,12,0,1,0,0,0,0,0,1,0,0,TRY,0,FALSE,1,1
1556,VOLINI GEL 30GM,##,dummy,TAB,NOS,8,1,3004,12,0,1,0,0,0,0,0,1,0,0,TRY,0,FALSE,1,1
1557,XMET SR 500MG TAB,##,dummy,TAB,NOS,8,1,3004,12,0,1,0,0,0,0,0,1,0,0,TRY,0,FALSE,1,1
1558,TESS GEL,##,dummy,TAB,NOS,8,1,3004,12,0,1,0,0,0,0,0,1,0,0,TRY,0,FALSE,1,1
1559,GEMFUL CAPS,##,dummy,TAB,NOS,8,1,3004,12,0,1,0,0,0,0,0,1,0,0,TRY,0,FALSE,1,1
1560,GLIRUM MF TAB,##,dummy,TAB,NOS,8,1,3004,12,0,1,0,0,0,0,0,1,0,0,TRY,0,FALSE,1,1
1561,CLINDINOL 10 MG TAB,##,dummy,TAB,NOS,8,1,3004,12,0,1,0,0,0,0,0,1,0,0,TRY,0,FALSE,1,1
1562,EXAMINATION GLOVES S,##,dummy,TAB,NOS,8,1,3004,12,0,1,0,0,0,0,0,1,0,0,TRY,0,FALSE,1,1
1563,GTN SORBITRATE CR 2.6MG TAB,##,dummy,TAB,NOS,8,1,3004,12,0,1,0,0,0,0,0,1,0,0,TRY,0,FALSE,1,1
1564,ROSEDAY 5MG TAB,##,dummy,TAB,NOS,8,1,3004,12,0,1,0,0,0,0,0,1,0,0,TRY,0,FALSE,1,1
1565,LASILACTONE 50MG TAB,##,dummy,TAB,NOS,8,1,3004,12,0,1,0,0,0,0,0,1,0,0,TRY,0,FALSE,1,1
1566,CALCIGARD RETARD 10MG TAB,##,dummy,TAB,NOS,8,1,3004,12,0,1,0,0,0,0,0,1,0,0,TRY,0,FALSE,1,1
1567,GRISOVIN FP 250MG TAB,##,dummy,TAB,NOS,8,1,3004,12,0,1,0,0,0,0,0,1,0,0,TRY,0,FALSE,1,1
1568,GZIDE M TAB,##,dummy,TAB,NOS,8,1,3004,12,0,1,0,0,0,0,0,1,0,0,TRY,0,FALSE,1,1
1569,MECO OD TAB,##,dummy,TAB,NOS,8,1,3004,12,0,1,0,0,0,0,0,1,0,0,TRY,0,FALSE,1,1
1570,VERTIFORD 16 MG TAB,##,dummy,TAB,NOS,8,1,3004,12,0,1,0,0,0,0,0,1,0,0,TRY,0,FALSE,1,1
1571,ISTAMET 50/500MG TAB,##,dummy,TAB,NOS,8,1,3004,12,0,1,0,0,0,0,0,1,0,0,TRY,0,FALSE,1,1
1572,TIGATEL 40,##,dummy,TAB,NOS,8,1,3004,12,0,1,0,0,0,0,0,1,0,0,TRY,0,FALSE,1,1
1573,METZOK 12.5,##,dummy,TAB,NOS,8,1,3004,12,0,1,0,0,0,0,0,1,0,0,TRY,0,FALSE,1,1
1574,CALCICARD RETD 10 TABS,##,dummy,TAB,NOS,8,1,3004,12,0,1,0,0,0,0,0,1,0,0,TRY,0,FALSE,1,1
1575,LEVIPIL 500MG TAB,##,dummy,TAB,NOS,8,1,3004,12,0,1,0,0,0,0,0,1,0,0,TRY,0,FALSE,1,1
1576,ROZAGOLD 20,##,dummy,TAB,NOS,8,1,3004,12,0,1,0,0,0,0,0,1,0,0,TRY,0,FALSE,1,1
1577,OTRIVIN FAST RELIEF N/S10ML,##,dummy,TAB,NOS,8,1,3004,12,0,1,0,0,0,0,0,1,0,0,TRY,0,FALSE,1,1
1578,ASTHALIN INHALER,##,dummy,TAB,NOS,8,1,3004,12,0,1,0,0,0,0,0,1,0,0,TRY,0,FALSE,1,1
1579,TRIVEDON MR TAB,##,dummy,TAB,NOS,8,1,3004,12,0,1,0,0,0,0,0,1,0,0,TRY,0,FALSE,1,1
1580,PERINEURO TAB,##,dummy,TAB,NOS,8,1,3004,12,0,1,0,0,0,0,0,1,0,0,TRY,0,FALSE,1,1
1581,SEROFLO 250 INHALER,##,dummy,TAB,NOS,8,1,3004,12,0,1,0,0,0,0,0,1,0,0,TRY,0,FALSE,1,1
1582,TIOVA INHALER 120MD,##,dummy,TAB,NOS,8,1,3004,12,0,1,0,0,0,0,0,1,0,0,TRY,0,FALSE,1,1
1583,MAXIFLO 250 INHALER,##,dummy,TAB,NOS,8,1,3004,12,0,1,0,0,0,0,0,1,0,0,TRY,0,FALSE,1,1
1584,TRINICALM PLUS TAB,##,dummy,TAB,NOS,8,1,3004,12,0,1,0,0,0,0,0,1,0,0,TRY,0,FALSE,1,1
1585,ARKAMIN TAB,##,dummy,TAB,NOS,8,1,3004,12,0,1,0,0,0,0,0,1,0,0,TRY,0,FALSE,1,1
1586,CITRALKA LIQUID 100ML,##,dummy,TAB,NOS,8,1,3004,12,0,1,0,0,0,0,0,1,0,0,TRY,0,FALSE,1,1
1587,ZYMAR DROPS 5ML,##,dummy,TAB,NOS,8,1,3004,12,0,1,0,0,0,0,0,1,0,0,TRY,0,FALSE,1,1
1588,CONCOR 2.5MG TAB,##,dummy,TAB,NOS,8,1,3004,12,0,1,0,0,0,0,0,1,0,0,TRY,0,FALSE,1,1
1589,LEMONCEE TAB,##,dummy,TAB,NOS,8,1,3004,12,0,1,0,0,0,0,0,1,0,0,TRY,0,FALSE,1,1
1590,GLIMP M 1 TAB,##,dummy,TAB,NOS,8,1,3004,12,0,1,0,0,0,0,0,1,0,0,TRY,0,FALSE,1,1
1591,METAPOL XL 50 MG TAB,##,dummy,TAB,NOS,8,1,3004,12,0,1,0,0,0,0,0,1,0,0,TRY,0,FALSE,1,1
1592,IRRIPLUS SYRUP 200ML,##,dummy,TAB,NOS,8,1,3004,12,0,1,0,0,0,0,0,1,0,0,TRY,0,FALSE,1,1
1593,AMLOGARD 2.5MG TAB,##,dummy,TAB,NOS,8,1,3004,12,0,1,0,0,0,0,0,1,0,0,TRY,0,FALSE,1,1
1594,CONCOR COR 2.5MG TAB,##,dummy,TAB,NOS,8,1,3004,12,0,1,0,0,0,0,0,1,0,0,TRY,0,FALSE,1,1
1595,GARLIC PLUS CAPS,##,dummy,TAB,NOS,8,1,3004,12,0,1,0,0,0,0,0,1,0,0,TRY,0,FALSE,1,1
1596,SEMI AMARYL 0.5MG TAB 10`S,##,dummy,TAB,NOS,8,1,3004,12,0,1,0,0,0,0,0,1,0,0,TRY,0,FALSE,1,1
1597,CLOPITORVA 10MG CAP,##,dummy,TAB,NOS,8,1,3004,12,0,1,0,0,0,0,0,1,0,0,TRY,0,FALSE,1,1
1598,GABANTIN 300MG,##,dummy,TAB,NOS,8,1,3004,12,0,1,0,0,0,0,0,1,0,0,TRY,0,FALSE,1,1
1599,OXRA 10MG TAB,##,dummy,TAB,NOS,8,1,3004,12,0,1,0,0,0,0,0,1,0,0,TRY,0,FALSE,1,1
1600,PEVESCA PLUS CAP,##,dummy,TAB,NOS,8,1,3004,12,0,1,0,0,0,0,0,1,0,0,TRY,0,FALSE,1,1
1601,TAZLOC 40MG TAB,##,dummy,TAB,NOS,8,1,3004,12,0,1,0,0,0,0,0,1,0,0,TRY,0,FALSE,1,1
1602,NITROSUN 10MG TAB,##,dummy,TAB,NOS,8,1,3004,12,0,1,0,0,0,0,0,1,0,0,TRY,0,FALSE,1,1
1603,INSULATARD HM PENFILL,##,dummy,TAB,NOS,8,1,3004,12,0,1,0,0,0,0,0,1,0,0,TRY,0,FALSE,1,1
1604,ORS L APPLE LIQUID,##,dummy,TAB,NOS,8,1,3004,12,0,1,0,0,0,0,0,1,0,0,TRY,0,FALSE,1,1
1605,BRILINTA 60MG TAB,##,dummy,TAB,NOS,8,1,3004,12,0,1,0,0,0,0,0,1,0,0,TRY,0,FALSE,1,1
1606,CINOD 10MG TAB,##,dummy,TAB,NOS,8,1,3004,12,0,1,0,0,0,0,0,1,0,0,TRY,0,FALSE,1,1
1607,NEFROSAVE TAB,##,dummy,TAB,NOS,8,1,3004,12,0,1,0,0,0,0,0,1,0,0,TRY,0,FALSE,1,1
1608,AUGMENTIN DUO SYP,##,dummy,TAB,NOS,8,1,3004,12,0,1,0,0,0,0,0,1,0,0,TRY,0,FALSE,1,1
1609,DOLO-650MG [TAB],##,dummy,TAB,NOS,8,1,3004,12,0,1,0,0,0,0,0,1,0,0,TRY,0,FALSE,1,1
1610,ROZAVEL 20MG TAB,##,dummy,TAB,NOS,8,1,3004,12,0,1,0,0,0,0,0,1,0,0,TRY,0,FALSE,1,1
1611,KARELA,##,dummy,TAB,NOS,8,1,3004,12,0,1,0,0,0,0,0,1,0,0,TRY,0,FALSE,1,1
1612,SELOKEN XL 25,##,dummy,TAB,NOS,8,1,3004,12,0,1,0,0,0,0,0,1,0,0,TRY,0,FALSE,1,1
1613,ELTROXIN 100MCG TAB,##,dummy,TAB,NOS,8,1,3004,12,0,1,0,0,0,0,0,1,0,0,TRY,0,FALSE,1,1
1614,FELICITA OD CAP,##,dummy,TAB,NOS,8,1,3004,12,0,1,0,0,0,0,0,1,0,0,TRY,0,FALSE,1,1
1615,ZURITEL 20 TAB,##,dummy,TAB,NOS,8,1,3004,12,0,1,0,0,0,0,0,1,0,0,TRY,0,FALSE,1,1
1616,SHELCAL 500MG TAB,##,dummy,TAB,NOS,8,1,3004,12,0,1,0,0,0,0,0,1,0,0,TRY,0,FALSE,1,1
1617,TELEKAST-L,##,dummy,TAB,NOS,8,1,3004,12,0,1,0,0,0,0,0,1,0,0,TRY,0,FALSE,1,1
1618,SEMI RECLIMET TAB,##,dummy,TAB,NOS,8,1,3004,12,0,1,0,0,0,0,0,1,0,0,TRY,0,FALSE,1,1
1619,HAEM UP GEMS CAP 30`S,##,dummy,TAB,NOS,8,1,3004,12,0,1,0,0,0,0,0,1,0,0,TRY,0,FALSE,1,1
1620,PILEX TAB,##,dummy,TAB,NOS,8,1,3004,12,0,1,0,0,0,0,0,1,0,0,TRY,0,FALSE,1,1
1621,CJET 10 MG TAB,##,dummy,TAB,NOS,8,1,3004,12,0,1,0,0,0,0,0,1,0,0,TRY,0,FALSE,1,1
1622,ATR 10 MG TAB,##,dummy,TAB,NOS,8,1,3004,12,0,1,0,0,0,0,0,1,0,0,TRY,0,FALSE,1,1
1623,CITINOL PR TAB,##,dummy,TAB,NOS,8,1,3004,12,0,1,0,0,0,0,0,1,0,0,TRY,0,FALSE,1,1
1624,ROZUTIN CL CAP,##,dummy,TAB,NOS,8,1,3004,12,0,1,0,0,0,0,0,1,0,0,TRY,0,FALSE,1,1
1625,TELKONOL M TAB,##,dummy,TAB,NOS,8,1,3004,12,0,1,0,0,0,0,0,1,0,0,TRY,0,FALSE,1,1
1626,NEXITO FORTE TAB,##,dummy,TAB,NOS,8,1,3004,12,0,1,0,0,0,0,0,1,0,0,TRY,0,FALSE,1,1
1627,GLYCOMET GP 2MG TAB,##,dummy,TAB,NOS,8,1,3004,12,0,1,0,0,0,0,0,1,0,0,TRY,0,FALSE,1,1
1628,DEXORANGE CAP,##,dummy,TAB,NOS,8,1,3004,12,0,1,0,0,0,0,0,1,0,0,TRY,0,FALSE,1,1
1629,LOBATE GN,##,dummy,TAB,NOS,8,1,3004,12,0,1,0,0,0,0,0,1,0,0,TRY,0,FALSE,1,1
1630,ELSAR 25,##,dummy,TAB,NOS,8,1,3004,12,0,1,0,0,0,0,0,1,0,0,TRY,0,FALSE,1,1
1631,GLYNASE MF,##,dummy,TAB,NOS,8,1,3004,12,0,1,0,0,0,0,0,1,0,0,TRY,0,FALSE,1,1
1632,GLOEYE,##,dummy,TAB,NOS,8,1,3004,12,0,1,0,0,0,0,0,1,0,0,TRY,0,FALSE,1,1
1633,EXAM GLOVES SOFTHANDS (M),##,dummy,TAB,NOS,8,1,3004,12,0,1,0,0,0,0,0,1,0,0,TRY,0,FALSE,1,1
1634,EXAM GLOVES SOFTHANDS (L),##,dummy,TAB,NOS,8,1,3004,12,0,1,0,0,0,0,0,1,0,0,TRY,0,FALSE,1,1
1635,EXAM GLOVES SOFTHANDS (S),##,dummy,TAB,NOS,8,1,3004,12,0,1,0,0,0,0,0,1,0,0,TRY,0,FALSE,1,1
1636,LAMITOR DT 50MG TAB,##,dummy,TAB,NOS,8,1,3004,12,0,1,0,0,0,0,0,1,0,0,TRY,0,FALSE,1,1
1637,MINIPRESS XL 2.5MG TAB 30`S,##,dummy,TAB,NOS,8,1,3004,12,0,1,0,0,0,0,0,1,0,0,TRY,0,FALSE,1,1
1638,MONTEK AB TAB,##,dummy,TAB,NOS,8,1,3004,12,0,1,0,0,0,0,0,1,0,0,TRY,0,FALSE,1,1
1639,TENEFIT 20 MG TAB 15S,##,dummy,TAB,NOS,8,1,3004,12,0,1,0,0,0,0,0,1,0,0,TRY,0,FALSE,1,1
1640,SILKO CATH FG 16,##,dummy,TAB,NOS,8,1,3004,12,0,1,0,0,0,0,0,1,0,0,TRY,0,FALSE,1,1
1641,I.S SWABS 10X10CMX12P,##,dummy,TAB,NOS,8,1,3004,12,0,1,0,0,0,0,0,1,0,0,TRY,0,FALSE,1,1
1642,ISOTRATE - 10 TAB,##,dummy,TAB,NOS,8,1,3004,12,0,1,0,0,0,0,0,1,0,0,TRY,0,FALSE,1,1
1643,DEBILIPTIN M TAB,##,dummy,TAB,NOS,8,1,3004,12,0,1,0,0,0,0,0,1,0,0,TRY,0,FALSE,1,1
1644,GLIMFALL SR TAB,##,dummy,TAB,NOS,8,1,3004,12,0,1,0,0,0,0,0,1,0,0,TRY,0,FALSE,1,1
1645,GLUCONORM VG PLUS 2MG TAB,##,dummy,TAB,NOS,8,1,3004,12,0,1,0,0,0,0,0,1,0,0,TRY,0,FALSE,1,1
1646,TAZLOC TRIO 40 MG TAB,##,dummy,TAB,NOS,8,1,3004,12,0,1,0,0,0,0,0,1,0,0,TRY,0,FALSE,1,1
1647,MUCOLITE TAB,##,dummy,TAB,NOS,8,1,3004,12,0,1,0,0,0,0,0,1,0,0,TRY,0,FALSE,1,1
1648,TORKAST FX TAB,##,dummy,TAB,NOS,8,1,3004,12,0,1,0,0,0,0,0,1,0,0,TRY,0,FALSE,1,1
1649,ALEX SYP 100ML,##,dummy,TAB,NOS,8,1,3004,12,0,1,0,0,0,0,0,1,0,0,TRY,0,FALSE,1,1
1650,ASCORIL D + SYP,##,dummy,TAB,NOS,8,1,3004,12,0,1,0,0,0,0,0,1,0,0,TRY,0,FALSE,1,1
1651,BENADRYL COUGH FORMULA 50ML,##,dummy,TAB,NOS,8,1,3004,12,0,1,0,0,0,0,0,1,0,0,TRY,0,FALSE,1,1
1652,SUSTEN SR 300,##,dummy,TAB,NOS,8,1,3004,12,0,1,0,0,0,0,0,1,0,0,TRY,0,FALSE,1,1
1653,DUPHALAC SYP 150ML,##,dummy,TAB,NOS,8,1,3004,12,0,1,0,0,0,0,0,1,0,0,TRY,0,FALSE,1,1
1654,NIKORAN 5MG TAB,##,dummy,TAB,NOS,8,1,3004,12,0,1,0,0,0,0,0,1,0,0,TRY,0,FALSE,1,1
1655,CARDACE 5MG TAB,##,dummy,TAB,NOS,8,1,3004,12,0,1,0,0,0,0,0,1,0,0,TRY,0,FALSE,1,1
1656,NITROCONTIN 2.6MG TAB,##,dummy,TAB,NOS,8,1,3004,12,0,1,0,0,0,0,0,1,0,0,TRY,0,FALSE,1,1
1657,EPTUS 25 MG TAB 15S,##,dummy,TAB,NOS,8,1,3004,12,0,1,0,0,0,0,0,1,0,0,TRY,0,FALSE,1,1
1658,CARDIVAS 3.125MG TAB,##,dummy,TAB,NOS,8,1,3004,12,0,1,0,0,0,0,0,1,0,0,TRY,0,FALSE,1,1
1659,DIAFOOT SB CREAM,##,dummy,TAB,NOS,8,1,3004,12,0,1,0,0,0,0,0,1,0,0,TRY,0,FALSE,1,1
1660,CIDMUS 100 MG TAB,##,dummy,TAB,NOS,8,1,3004,12,0,1,0,0,0,0,0,1,0,0,TRY,0,FALSE,1,1
1661,ONDERO 5 MG TAB,##,dummy,TAB,NOS,8,1,3004,12,0,1,0,0,0,0,0,1,0,0,TRY,0,FALSE,1,1
1662,FOLINAL NEW 1MG TAB,##,dummy,TAB,NOS,8,1,3004,12,0,1,0,0,0,0,0,1,0,0,TRY,0,FALSE,1,1
1663,MATILDA AF CAPS,##,dummy,TAB,NOS,8,1,3004,12,0,1,0,0,0,0,0,1,0,0,TRY,0,FALSE,1,1
1664,RALIZ D CAP,##,dummy,TAB,NOS,8,1,3004,12,0,1,0,0,0,0,0,1,0,0,TRY,0,FALSE,1,1
1665,LIQ PARAFFIN SAVLON,##,dummy,TAB,NOS,8,1,3004,12,0,1,0,0,0,0,0,1,0,0,TRY,0,FALSE,1,1
1666,SAVLON,##,dummy,TAB,NOS,8,1,3004,12,0,1,0,0,0,0,0,1,0,0,TRY,0,FALSE,1,1
1667,FOL CATHE 16 2WAY,##,dummy,TAB,NOS,8,1,3004,12,0,1,0,0,0,0,0,1,0,0,TRY,0,FALSE,1,1
1668,RYLES TUBE 18,##,dummy,TAB,NOS,8,1,3004,12,0,1,0,0,0,0,0,1,0,0,TRY,0,FALSE,1,1
1669,UROBAG ROMO 10,##,dummy,TAB,NOS,8,1,3004,12,0,1,0,0,0,0,0,1,0,0,TRY,0,FALSE,1,1
1670,PREG CARD,##,dummy,TAB,NOS,8,1,3004,12,0,1,0,0,0,0,0,1,0,0,TRY,0,FALSE,1,1
1671,TELMI 40 [TELKONOL-40],##,dummy,TAB,NOS,8,1,3004,12,0,1,0,0,0,0,0,1,0,0,TRY,0,FALSE,1,1
1672,GELCID MPS 400 ML,##,dummy,TAB,NOS,8,1,3004,12,0,1,0,0,0,0,0,1,0,0,TRY,0,FALSE,1,1
1673,DISPOVAN SYR 50 ML,##,dummy,TAB,NOS,8,1,3004,12,0,1,0,0,0,0,0,1,0,0,TRY,0,FALSE,1,1
1674,DYNAFIX 10CM X4/6M,##,dummy,TAB,NOS,8,1,3004,12,0,1,0,0,0,0,0,1,0,0,TRY,0,FALSE,1,1
1675,CLOPICARD AP CAP,##,dummy,TAB,NOS,8,1,3004,12,0,1,0,0,0,0,0,1,0,0,TRY,0,FALSE,1,1
1676,GLINIL M TAB,##,dummy,TAB,NOS,8,1,3004,12,0,1,0,0,0,0,0,1,0,0,TRY,0,FALSE,1,1
1677,RABESEC 20MG TAB 10`S,##,dummy,TAB,NOS,8,1,3004,12,0,1,0,0,0,0,0,1,0,0,TRY,0,FALSE,1,1
1678,AZIVISTA 500MG TAB,##,dummy,TAB,NOS,8,1,3004,12,0,1,0,0,0,0,0,1,0,0,TRY,0,FALSE,1,1
1679,GEMCIUM CAP,##,dummy,TAB,NOS,8,1,3004,12,0,1,0,0,0,0,0,1,0,0,TRY,0,FALSE,1,1
1680,Mecofol Plus NF,##,dummy,TAB,NOS,8,1,3004,12,0,1,0,0,0,0,0,1,0,0,TRY,0,FALSE,1,1
1681,ALKAKEM SYP 100 ML,##,dummy,TAB,NOS,8,1,3004,12,0,1,0,0,0,0,0,1,0,0,TRY,0,FALSE,1,1
1682,NUCOOL S SYP 200ML,##,dummy,TAB,NOS,8,1,3004,12,0,1,0,0,0,0,0,1,0,0,TRY,0,FALSE,1,1
1683,OMEE D CAP 15S,##,dummy,TAB,NOS,8,1,3004,12,0,1,0,0,0,0,0,1,0,0,TRY,0,FALSE,1,1
1684,PENTOWOK D TAB,##,dummy,TAB,NOS,8,1,3004,12,0,1,0,0,0,0,0,1,0,0,TRY,0,FALSE,1,1
1685,AZILUP 250MG TAB,##,dummy,TAB,NOS,8,1,3004,12,0,1,0,0,0,0,0,1,0,0,TRY,0,FALSE,1,1
1686,BISALAX TAB,##,dummy,TAB,NOS,8,1,3004,12,0,1,0,0,0,0,0,1,0,0,TRY,0,FALSE,1,1
1687,ACARBOZ 25MG TAB,##,dummy,TAB,NOS,8,1,3004,12,0,1,0,0,0,0,0,1,0,0,TRY,0,FALSE,1,1
1688,ATR 20 MG,##,dummy,TAB,NOS,8,1,3004,12,0,1,0,0,0,0,0,1,0,0,TRY,0,FALSE,1,1
1689,PIOLON 30 TAB,##,dummy,TAB,NOS,8,1,3004,12,0,1,0,0,0,0,0,1,0,0,TRY,0,FALSE,1,1
1690,TEMSUNOL D TAB,##,dummy,TAB,NOS,8,1,3004,12,0,1,0,0,0,0,0,1,0,0,TRY,0,FALSE,1,1
1691,VOGLIBOZ 0.3 TAB,##,dummy,TAB,NOS,8,1,3004,12,0,1,0,0,0,0,0,1,0,0,TRY,0,FALSE,1,1
1692,AMLOMOX 250MG CAP,##,dummy,TAB,NOS,8,1,3004,12,0,1,0,0,0,0,0,1,0,0,TRY,0,FALSE,1,1
1693,AMLOMOX 500MG CAP,##,dummy,TAB,NOS,8,1,3004,12,0,1,0,0,0,0,0,1,0,0,TRY,0,FALSE,1,1
1694,KETOL SOAP,##,dummy,TAB,NOS,8,1,3004,12,0,1,0,0,0,0,0,1,0,0,TRY,0,FALSE,1,1
1695,LOBUN CAP,##,dummy,TAB,NOS,8,1,3004,12,0,1,0,0,0,0,0,1,0,0,TRY,0,FALSE,1,1
1696,VALPARIN CHRONO 200MG TAB,##,dummy,TAB,NOS,8,1,3004,12,0,1,0,0,0,0,0,1,0,0,TRY,0,FALSE,1,1
1697,QUITIPIN 25MG,##,dummy,TAB,NOS,8,1,3004,12,0,1,0,0,0,0,0,1,0,0,TRY,0,FALSE,1,1
1698,SYNDOPA CR 125,##,dummy,TAB,NOS,8,1,3004,12,0,1,0,0,0,0,0,1,0,0,TRY,0,FALSE,1,1
1699,SYNDOPA PLUS 15S,##,dummy,TAB,NOS,8,1,3004,12,0,1,0,0,0,0,0,1,0,0,TRY,0,FALSE,1,1
1700,LONAZEP 0.5MG TAB 15S,##,dummy,TAB,NOS,8,1,3004,12,0,1,0,0,0,0,0,1,0,0,TRY,0,FALSE,1,1
1701,PRAMIPREX ER 1.5,##,dummy,TAB,NOS,8,1,3004,12,0,1,0,0,0,0,0,1,0,0,TRY,0,FALSE,1,1
1702,AZTOR 20MG TAB,##,dummy,TAB,NOS,8,1,3004,12,0,1,0,0,0,0,0,1,0,0,TRY,0,FALSE,1,1
1703,GLADOR M3 FORTE TAB,##,dummy,TAB,NOS,8,1,3004,12,0,1,0,0,0,0,0,1,0,0,TRY,0,FALSE,1,1
1704,TRAJENTA 5MG TAB,##,dummy,TAB,NOS,8,1,3004,12,0,1,0,0,0,0,0,1,0,0,TRY,0,FALSE,1,1
1705,PIRITON CS SYP,##,dummy,TAB,NOS,8,1,3004,12,0,1,0,0,0,0,0,1,0,0,TRY,0,FALSE,1,1
1706,COBADEX CZS TAB,##,dummy,TAB,NOS,8,1,3004,12,0,1,0,0,0,0,0,1,0,0,TRY,0,FALSE,1,1
1707,CARDIVON OD TAB,##,dummy,TAB,NOS,8,1,3004,12,0,1,0,0,0,0,0,1,0,0,TRY,0,FALSE,1,1
1708,LANTUS 100IU INJ 10ML,##,dummy,TAB,NOS,8,1,3004,12,0,1,0,0,0,0,0,1,0,0,TRY,0,FALSE,1,1
1709,MONTEK LC KID TAB,##,dummy,TAB,NOS,8,1,3004,12,0,1,0,0,0,0,0,1,0,0,TRY,0,FALSE,1,1
1710,DILZEM 30MG TAB,##,dummy,TAB,NOS,8,1,3004,12,0,1,0,0,0,0,0,1,0,0,TRY,0,FALSE,1,1
1711,TRYPTOMER 10MG TAB,##,dummy,TAB,NOS,8,1,3004,12,0,1,0,0,0,0,0,1,0,0,TRY,0,FALSE,1,1
1712,TRYPTOMER 25MG TAB,##,dummy,TAB,NOS,8,1,3004,12,0,1,0,0,0,0,0,1,0,0,TRY,0,FALSE,1,1
1713,THYROXINOL 25 TAB,##,dummy,TAB,NOS,8,1,3004,12,0,1,0,0,0,0,0,1,0,0,TRY,0,FALSE,1,1
1714,DERICIP 150 RTD TAB,##,dummy,TAB,NOS,8,1,3004,12,0,1,0,0,0,0,0,1,0,0,TRY,0,FALSE,1,1
1715,FOURDERM CREAM 10GM,##,dummy,TAB,NOS,8,1,3004,12,0,1,0,0,0,0,0,1,0,0,TRY,0,FALSE,1,1
1716,ALKACITRAL SYP,##,dummy,TAB,NOS,8,1,3004,12,0,1,0,0,0,0,0,1,0,0,TRY,0,FALSE,1,1
1717,DERMI 5 CREAM,##,dummy,TAB,NOS,8,1,3004,12,0,1,0,0,0,0,0,1,0,0,TRY,0,FALSE,1,1
1718,GEMER DS 1,##,dummy,TAB,NOS,8,1,3004,12,0,1,0,0,0,0,0,1,0,0,TRY,0,FALSE,1,1
1719,ROPARK 0.25MG TAB,##,dummy,TAB,NOS,8,1,3004,12,0,1,0,0,0,0,0,1,0,0,TRY,0,FALSE,1,1
1720,SUSTEN 100 CAP,##,dummy,TAB,NOS,8,1,3004,12,0,1,0,0,0,0,0,1,0,0,TRY,0,FALSE,1,1
1721,TRIPLE A CAL TAB,##,dummy,TAB,NOS,8,1,3004,12,0,1,0,0,0,0,0,1,0,0,TRY,0,FALSE,1,1
1722,VOBOSE 0.3MG,##,dummy,TAB,NOS,8,1,3004,12,0,1,0,0,0,0,0,1,0,0,TRY,0,FALSE,1,1
1723,EMESET 4MG TAB,##,dummy,TAB,NOS,8,1,3004,12,0,1,0,0,0,0,0,1,0,0,TRY,0,FALSE,1,1
1724,AVIL 25MG TAB,##,dummy,TAB,NOS,8,1,3004,12,0,1,0,0,0,0,0,1,0,0,TRY,0,FALSE,1,1
1725,OPTISULIN CAP,##,dummy,TAB,NOS,8,1,3004,12,0,1,0,0,0,0,0,1,0,0,TRY,0,FALSE,1,1
1726,SENSODYNE WHITENING 70GM,##,dummy,TAB,NOS,8,1,3004,12,0,1,0,0,0,0,0,1,0,0,TRY,0,FALSE,1,1
1727,SENSODYNE RAPID RELIEF 80GM,##,dummy,TAB,NOS,8,1,3004,12,0,1,0,0,0,0,0,1,0,0,TRY,0,FALSE,1,1
1728,SENSODYNE FRESH MINT 40GM,##,dummy,TAB,NOS,8,1,3004,12,0,1,0,0,0,0,0,1,0,0,TRY,0,FALSE,1,1
1729,SEPTILIN TAB,##,dummy,TAB,NOS,8,1,3004,12,0,1,0,0,0,0,0,1,0,0,TRY,0,FALSE,1,1
1730,OATS CORN QKR 1 KG,##,dummy,TAB,NOS,8,1,3004,12,0,1,0,0,0,0,0,1,0,0,TRY,0,FALSE,1,1
1731,NYCIL COOL HERBAL 150GMS,##,dummy,TAB,NOS,8,1,3004,12,0,1,0,0,0,0,0,1,0,0,TRY,0,FALSE,1,1
1732,ODOMOS CREAM 50GM,##,dummy,TAB,NOS,8,1,3004,12,0,1,0,0,0,0,0,1,0,0,TRY,0,FALSE,1,1
1733,VICKS VAPORUB 5GM,##,dummy,TAB,NOS,8,1,3004,12,0,1,0,0,0,0,0,1,0,0,TRY,0,FALSE,1,1
1734,MEDIMEX 35 G SOAP,##,dummy,TAB,NOS,8,1,3004,12,0,1,0,0,0,0,0,1,0,0,TRY,0,FALSE,1,1
1735,COLGATE BABY 2-5 YRS,##,dummy,TAB,NOS,8,1,3004,12,0,1,0,0,0,0,0,1,0,0,TRY,0,FALSE,1,1
1736,COLGATE STRONG 46G,##,dummy,TAB,NOS,8,1,3004,12,0,1,0,0,0,0,0,1,0,0,TRY,0,FALSE,1,1
1737,COLGATE SALT PASTE 20G,##,dummy,TAB,NOS,8,1,3004,12,0,1,0,0,0,0,0,1,0,0,TRY,0,FALSE,1,1
1738,DABUR HERBAL TOOTH PASTE,##,dummy,TAB,NOS,8,1,3004,12,0,1,0,0,0,0,0,1,0,0,TRY,0,FALSE,1,1
1739,PEPSODENT PASTE,##,dummy,TAB,NOS,8,1,3004,12,0,1,0,0,0,0,0,1,0,0,TRY,0,FALSE,1,1
1740,PREMIUM EAU DE COLOGNE SPRAY 100ML,##,dummy,TAB,NOS,8,1,3004,12,0,1,0,0,0,0,0,1,0,0,TRY,0,FALSE,1,1
1741,CINTHOL 40 SOAP,##,dummy,TAB,NOS,8,1,3004,12,0,1,0,0,0,0,0,1,0,0,TRY,0,FALSE,1,1
1742,AMRUTANJAN YELLOW SACHET,##,dummy,TAB,NOS,8,1,3004,12,0,1,0,0,0,0,0,1,0,0,TRY,0,FALSE,1,1
1743,GEMER 3 MG TAB,##,dummy,TAB,NOS,8,1,3004,12,0,1,0,0,0,0,0,1,0,0,TRY,0,FALSE,1,1
1744,ATTENTROL 18,##,dummy,TAB,NOS,8,1,3004,12,0,1,0,0,0,0,0,1,0,0,TRY,0,FALSE,1,1
1745,IGNICAR TAB,##,dummy,TAB,NOS,8,1,3004,12,0,1,0,0,0,0,0,1,0,0,TRY,0,FALSE,1,1
1746,ABZORB POWDER,##,dummy,TAB,NOS,8,1,3004,12,0,1,0,0,0,0,0,1,0,0,TRY,0,FALSE,1,1
1747,GP 2MG TAB,##,dummy,TAB,NOS,8,1,3004,12,0,1,0,0,0,0,0,1,0,0,TRY,0,FALSE,1,1
1748,ACITROM 0.5MG TAB,##,dummy,TAB,NOS,8,1,3004,12,0,1,0,0,0,0,0,1,0,0,TRY,0,FALSE,1,1
1749,CIPLOX E/E DROPS 10ML,##,dummy,TAB,NOS,8,1,3004,12,0,1,0,0,0,0,0,1,0,0,TRY,0,FALSE,1,1
1750,DILZEM 60,##,dummy,TAB,NOS,8,1,3004,12,0,1,0,0,0,0,0,1,0,0,TRY,0,FALSE,1,1
1751,TELMIKIND 80TAB,##,dummy,TAB,NOS,8,1,3004,12,0,1,0,0,0,0,0,1,0,0,TRY,0,FALSE,1,1
1752,LONGIFENE SYP,##,dummy,TAB,NOS,8,1,3004,12,0,1,0,0,0,0,0,1,0,0,TRY,0,FALSE,1,1
1753,NUROKIND GOLD INJ,##,dummy,TAB,NOS,8,1,3004,12,0,1,0,0,0,0,0,1,0,0,TRY,0,FALSE,1,1
1754,DAMINA OD,##,dummy,TAB,NOS,8,1,3004,12,0,1,0,0,0,0,0,1,0,0,TRY,0,FALSE,1,1
1755,MEFTAL P SUSP,##,dummy,TAB,NOS,8,1,3004,12,0,1,0,0,0,0,0,1,0,0,TRY,0,FALSE,1,1
1756,HYPONIDD TAB,##,dummy,TAB,NOS,8,1,3004,12,0,1,0,0,0,0,0,1,0,0,TRY,0,FALSE,1,1
1757,NATRILIX SR TAB,##,dummy,TAB,NOS,8,1,3004,12,0,1,0,0,0,0,0,1,0,0,TRY,0,FALSE,1,1
1758,REVITAL H CAP 10`S,##,dummy,TAB,NOS,8,1,3004,12,0,1,0,0,0,0,0,1,0,0,TRY,0,FALSE,1,1
1759,PRODEP 20MG,##,dummy,TAB,NOS,8,1,3004,12,0,1,0,0,0,0,0,1,0,0,TRY,0,FALSE,1,1
1760,NIKORAN 10MG TAB,##,dummy,TAB,NOS,8,1,3004,12,0,1,0,0,0,0,0,1,0,0,TRY,0,FALSE,1,1
1761,FAMOCID 20MG TAB,##,dummy,TAB,NOS,8,1,3004,12,0,1,0,0,0,0,0,1,0,0,TRY,0,FALSE,1,1
1762,OKACET TAB,##,dummy,TAB,NOS,8,1,3004,12,0,1,0,0,0,0,0,1,0,0,TRY,0,FALSE,1,1
1763,GLIMP M 2MG TAB,##,dummy,TAB,NOS,8,1,3004,12,0,1,0,0,0,0,0,1,0,0,TRY,0,FALSE,1,1
1764,SAVLON 500ML,##,dummy,TAB,NOS,8,1,3004,12,0,1,0,0,0,0,0,1,0,0,TRY,0,FALSE,1,1
1765,AB PHYLLINE SR 200MG TAB,##,dummy,TAB,NOS,8,1,3004,12,0,1,0,0,0,0,0,1,0,0,TRY,0,FALSE,1,1
1766,MONDESLOR TAB,##,dummy,TAB,NOS,8,1,3004,12,0,1,0,0,0,0,0,1,0,0,TRY,0,FALSE,1,1
1767,DEPLATT A 150MG TAB 15S,##,dummy,TAB,NOS,8,1,3004,12,0,1,0,0,0,0,0,1,0,0,TRY,0,FALSE,1,1
1768,DEPLATT A 75MG TAB,##,dummy,TAB,NOS,8,1,3004,12,0,1,0,0,0,0,0,1,0,0,TRY,0,FALSE,1,1
1769,GEMNOVACAL CAPS,##,dummy,TAB,NOS,8,1,3004,12,0,1,0,0,0,0,0,1,0,0,TRY,0,FALSE,1,1
1770,LUPIVITAL CAPS,##,dummy,TAB,NOS,8,1,3004,12,0,1,0,0,0,0,0,1,0,0,TRY,0,FALSE,1,1
1771,DERIPHYLLIN RETARD 150MG TAB,##,dummy,TAB,NOS,8,1,3004,12,0,1,0,0,0,0,0,1,0,0,TRY,0,FALSE,1,1
1772,TELVAS AM TAB,##,dummy,TAB,NOS,8,1,3004,12,0,1,0,0,0,0,0,1,0,0,TRY,0,FALSE,1,1
1773,RUTOHEAL -D TAB,##,dummy,TAB,NOS,8,1,3004,12,0,1,0,0,0,0,0,1,0,0,TRY,0,FALSE,1,1
1774,SAAZ TAB,##,dummy,TAB,NOS,8,1,3004,12,0,1,0,0,0,0,0,1,0,0,TRY,0,FALSE,1,1
1775,TRESIBA PENFILL,##,dummy,TAB,NOS,8,1,3004,12,0,1,0,0,0,0,0,1,0,0,TRY,0,FALSE,1,1
1776,ISTAVEL 100MG TAB,##,dummy,TAB,NOS,8,1,3004,12,0,1,0,0,0,0,0,1,0,0,TRY,0,FALSE,1,1
1777,ECOSPRIN 150MG TAB,##,dummy,TAB,NOS,8,1,3004,12,0,1,0,0,0,0,0,1,0,0,TRY,0,FALSE,1,1
1778,ECOSPRIN AV 150MG CAP,##,dummy,TAB,NOS,8,1,3004,12,0,1,0,0,0,0,0,1,0,0,TRY,0,FALSE,1,1
1779,NICARDIA RETARD 20MG TAB,##,dummy,TAB,NOS,8,1,3004,12,0,1,0,0,0,0,0,1,0,0,TRY,0,FALSE,1,1
1780,SERENACE 1.5 MG,##,dummy,TAB,NOS,8,1,3004,12,0,1,0,0,0,0,0,1,0,0,TRY,0,FALSE,1,1
1781,NODOSIS TAB,##,dummy,TAB,NOS,8,1,3004,12,0,1,0,0,0,0,0,1,0,0,TRY,0,FALSE,1,1
1782,SULISENT 100MG TAB,##,dummy,TAB,NOS,8,1,3004,12,0,1,0,0,0,0,0,1,0,0,TRY,0,FALSE,1,1
1783,ZOLFRESH 10MG TAB,##,dummy,TAB,NOS,8,1,3004,12,0,1,0,0,0,0,0,1,0,0,TRY,0,FALSE,1,1
1784,N95 MASK,##,dummy,TAB,NOS,8,1,3004,12,0,1,0,0,0,0,0,1,0,0,TRY,0,FALSE,1,1
1785,MIXTARD 50 HM PENFILL 3ML,##,dummy,TAB,NOS,8,1,3004,12,0,1,0,0,0,0,0,1,0,0,TRY,0,FALSE,1,1
1786,ZYCEL 100MG CAPS,##,dummy,TAB,NOS,8,1,3004,12,0,1,0,0,0,0,0,1,0,0,TRY,0,FALSE,1,1
1787,VYMADA 50MG TAB,##,dummy,TAB,NOS,8,1,3004,12,0,1,0,0,0,0,0,1,0,0,TRY,0,FALSE,1,1
1788,TONACT EZ 10MG TAB,##,dummy,TAB,NOS,8,1,3004,12,0,1,0,0,0,0,0,1,0,0,TRY,0,FALSE,1,1
1789,XIGDUO - XR 10 1000 MG TAB,##,dummy,TAB,NOS,8,1,3004,12,0,1,0,0,0,0,0,1,0,0,TRY,0,FALSE,1,1
1790,GAUZE SWAPS 7.5CM X 7.5CM,##,dummy,TAB,NOS,8,1,3004,12,0,1,0,0,0,0,0,1,0,0,TRY,0,FALSE,1,1
1791,FOLEY CATHETER-18,##,dummy,TAB,NOS,8,1,3004,12,0,1,0,0,0,0,0,1,0,0,TRY,0,FALSE,1,1
1792,CONTOUR TS STRIPS 50,##,dummy,TAB,NOS,8,1,3004,12,0,1,0,0,0,0,0,1,0,0,TRY,0,FALSE,1,1
1793,NEFIDINOL RETARD 10 TAB,##,dummy,TAB,NOS,8,1,3004,12,0,1,0,0,0,0,0,1,0,0,TRY,0,FALSE,1,1
1794,TELKONAL AM TAB,##,dummy,TAB,NOS,8,1,3004,12,0,1,0,0,0,0,0,1,0,0,TRY,0,FALSE,1,1
1795,ROSOL,##,dummy,TAB,NOS,8,1,3004,12,0,1,0,0,0,0,0,1,0,0,TRY,0,FALSE,1,1
1796,NITRO G 2.6MG TAB,##,dummy,TAB,NOS,8,1,3004,12,0,1,0,0,0,0,0,1,0,0,TRY,0,FALSE,1,1
1797,BISODER 2.5 MG,##,dummy,TAB,NOS,8,1,3004,12,0,1,0,0,0,0,0,1,0,0,TRY,0,FALSE,1,1
1798,BISODER 5MG,##,dummy,TAB,NOS,8,1,3004,12,0,1,0,0,0,0,0,1,0,0,TRY,0,FALSE,1,1
1799,TROYROSU 20,##,dummy,TAB,NOS,8,1,3004,12,0,1,0,0,0,0,0,1,0,0,TRY,0,FALSE,1,1
1800,RABEZ-LS,##,dummy,TAB,NOS,8,1,3004,12,0,1,0,0,0,0,0,1,0,0,TRY,0,FALSE,1,1
1801,BIOVAS 10MG,##,dummy,TAB,NOS,8,1,3004,12,0,1,0,0,0,0,0,1,0,0,TRY,0,FALSE,1,1
1802,CARVENOL 12.5 MG,##,dummy,TAB,NOS,8,1,3004,12,0,1,0,0,0,0,0,1,0,0,TRY,0,FALSE,1,1
1803,PANKAJAKASTHURAI 200,##,dummy,TAB,NOS,8,1,3004,12,0,1,0,0,0,0,0,1,0,0,TRY,0,FALSE,1,1
1804,HAND WASH PREMIUM,##,dummy,TAB,NOS,8,1,3004,12,0,1,0,0,0,0,0,1,0,0,TRY,0,FALSE,1,1
1805,MASK 3PLY,##,dummy,TAB,NOS,8,1,3004,12,0,1,0,0,0,0,0,1,0,0,TRY,0,FALSE,1,1
1806,AZTOR EZ 10MG TAB,##,dummy,TAB,NOS,8,1,3004,12,0,1,0,0,0,0,0,1,0,0,TRY,0,FALSE,1,1
1807,PROLOMET XL 25MG TAB,##,dummy,TAB,NOS,8,1,3004,12,0,1,0,0,0,0,0,1,0,0,TRY,0,FALSE,1,1
1808,BETACAP PLUS 10MG CAP,##,dummy,TAB,NOS,8,1,3004,12,0,1,0,0,0,0,0,1,0,0,TRY,0,FALSE,1,1
1809,BELTAS TAB,##,dummy,TAB,NOS,8,1,3004,12,0,1,0,0,0,0,0,1,0,0,TRY,0,FALSE,1,1
1810,LEVIPIL 250MG TAB,##,dummy,TAB,NOS,8,1,3004,12,0,1,0,0,0,0,0,1,0,0,TRY,0,FALSE,1,1
1811,LIFEPRIDE M2,##,dummy,TAB,NOS,8,1,3004,12,0,1,0,0,0,0,0,1,0,0,TRY,0,FALSE,1,1
1812,MEROCAL D3 MG TAB,##,dummy,TAB,NOS,8,1,3004,12,0,1,0,0,0,0,0,1,0,0,TRY,0,FALSE,1,1
1813,EXERMET 1000 TAB,##,dummy,TAB,NOS,8,1,3004,12,0,1,0,0,0,0,0,1,0,0,TRY,0,FALSE,1,1
1814,GLYCOMET 850MG TAB,##,dummy,TAB,NOS,8,1,3004,12,0,1,0,0,0,0,0,1,0,0,TRY,0,FALSE,1,1
1815,TAZLOC CT 40MG,##,dummy,TAB,NOS,8,1,3004,12,0,1,0,0,0,0,0,1,0,0,TRY,0,FALSE,1,1
1816,OLEANZ 10,##,dummy,TAB,NOS,8,1,3004,12,0,1,0,0,0,0,0,1,0,0,TRY,0,FALSE,1,1
1817,REVOLIZER ROTACAP,##,dummy,TAB,NOS,8,1,3004,12,0,1,0,0,0,0,0,1,0,0,TRY,0,FALSE,1,1
1818,BD GLIDE 40 U 6MM 31G INSULIN SYRINGES,##,dummy,TAB,NOS,8,1,3004,12,0,1,0,0,0,0,0,1,0,0,TRY,0,FALSE,1,1
1819,VISHU RUB 10GM,##,dummy,TAB,NOS,8,1,3004,12,0,1,0,0,0,0,0,1,0,0,TRY,0,FALSE,1,1
1820,VISHV RUB 5 GM,##,dummy,TAB,NOS,8,1,3004,12,0,1,0,0,0,0,0,1,0,0,TRY,0,FALSE,1,1
1821,PAZOM 20MG TAB,##,dummy,TAB,NOS,8,1,3004,12,0,1,0,0,0,0,0,1,0,0,TRY,0,FALSE,1,1
1822,DOXIRID TAB,##,dummy,TAB,NOS,8,1,3004,12,0,1,0,0,0,0,0,1,0,0,TRY,0,FALSE,1,1
,,,,,,,,,,,,,,,,,,,,,,,,
,,,,,,,,,,,,,,,,,,,,,,,,
,,,,,,,,,,,,,,,,,,,,,,,,
,,,,,,,,,,,,,,,,,,,,,,,,
,,,,,,,,,,,,,,,,,,,,,,,,
,,,,,,,,,,,,,,,,,,,,,,,,
,,,,,,,,,,,,,,,,,,,,,,,,
,,,,,,,,,,,,,,,,,,,,,,,,
,,,,,,,,,,,,,,,,,,,,,,,,
,,,,,,,,,,,,,,,,,,,,,,,,
,,,,,,,,,,,,,,,,,,,,,,,,
,,,,,,,,,,,,,,,,,,,,,,,,
,,,,,,,,,,,,,,,,,,,,,,,,
,,,,,,,,,,,,,,,,,,,,,,,,
,,,,,,,,,,,,,,,,,,,,,,,,
,,,,,,,,,,,,,,,,,,,,,,,,
,,,,,,,,,,,,,,,,,,,,,,,,
,,,,,,,,,,,,,,,,,,,,,,,,
,,,,,,,,,,,,,,,,,,,,,,,,
,,,,,,,,,,,,,,,,,,,,,,,,
,,,,,,,,,,,,,,,,,,,,,,,,
,,,,,,,,,,,,,,,,,,,,,,,,
,,,,,,,,,,,,,,,,,,,,,,,,
,,,,,,,,,,,,,,,,,,,,,,,,
,,,,,,,,,,,,,,,,,,,,,,,,
,,,,,,,,,,,,,,,,,,,,,,,,
,,,,,,,,,,,,,,,,,,,,,,,,
,,,,,,,,,,,,,,,,,,,,,,,,
,,,,,,,,,,,,,,,,,,,,,,,,
,,,,,,,,,,,,,,,,,,,,,,,,
,,,,,,,,,,,,,,,,,,,,,,,,
,,,,,,,,,,,,,,,,,,,,,,,,
,,,,,,,,,,,,,,,,,,,,,,,,
,,,,,,,,,,,,,,,,,,,,,,,,
,,,,,,,,,,,,,,,,,,,,,,,,
,,,,,,,,,,,,,,,,,,,,,,,,
,,,,,,,,,,,,,,,,,,,,,,,,
,,,,,,,,,,,,,,,,,,,,,,,,
,,,,,,,,,,,,,,,,,,,,,,,,
,,,,,,,,,,,,,,,,,,,,,,,,
,,,,,,,,,,,,,,,,,,,,,,,,
,,,,,,,,,,,,,,,,,,,,,,,,
,,,,,,,,,,,,,,,,,,,,,,,,
,,,,,,,,,,,,,,,,,,,,,,,,
,,,,,,,,,,,,,,,,,,,,,,,,
,,,,,,,,,,,,,,,,,,,,,,,,
,,,,,,,,,,,,,,,,,,,,,,,,
,,,,,,,,,,,,,,,,,,,,,,,,
,,,,,,,,,,,,,,,,,,,,,,,,
,,,,,,,,,,,,,,,,,,,,,,,,
,,,,,,,,,,,,,,,,,,,,,,,,
,,,,,,,,,,,,,,,,,,,,,,,,
,,,,,,,,,,,,,,,,,,,,,,,,
,,,,,,,,,,,,,,,,,,,,,,,,
,,,,,,,,,,,,,,,,,,,,,,,,
,,,,,,,,,,,,,,,,,,,,,,,,
,,,,,,,,,,,,,,,,,,,,,,,,
,,,,,,,,,,,,,,,,,,,,,,,,
,,,,,,,,,,,,,,,,,,,,,,,,
,,,,,,,,,,,,,,,,,,,,,,,,
,,,,,,,,,,,,,,,,,,,,,,,,
,,,,,,,,,,,,,,,,,,,,,,,,
,,,,,,,,,,,,,,,,,,,,,,,,
,,,,,,,,,,,,,,,,,,,,,,,,
,,,,,,,,,,,,,,,,,,,,,,,,
,,,,,,,,,,,,,,,,,,,,,,,,
,,,,,,,,,,,,,,,,,,,,,,,,
,,,,,,,,,,,,,,,,,,,,,,,,
,,,,,,,,,,,,,,,,,,,,,,,,
,,,,,,,,,,,,,,,,,,,,,,,,
,,,,,,,,,,,,,,,,,,,,,,,,
,,,,,,,,,,,,,,,,,,,,,,,,
,,,,,,,,,,,,,,,,,,,,,,,,
,,,,,,,,,,,,,,,,,,,,,,,,
,,,,,,,,,,,,,,,,,,,,,,,,
,,,,,,,,,,,,,,,,,,,,,,,,
,,,,,,,,,,,,,,,,,,,,,,,,
,,,,,,,,,,,,,,,,,,,,,,,,
,,,,,,,,,,,,,,,,,,,,,,,,
,,,,,,,,,,,,,,,,,,,,,,,,
,,,,,,,,,,,,,,,,,,,,,,,,
,,,,,,,,,,,,,,,,,,,,,,,,
,,,,,,,,,,,,,,,,,,,,,,,,
,,,,,,,,,,,,,,,,,,,,,,,,
,,,,,,,,,,,,,,,,,,,,,,,,
,,,,,,,,,,,,,,,,,,,,,,,,
,,,,,,,,,,,,,,,,,,,,,,,,
,,,,,,,,,,,,,,,,,,,,,,,,
,,,,,,,,,,,,,,,,,,,,,,,,
,,,,,,,,,,,,,,,,,,,,,,,,
,,,,,,,,,,,,,,,,,,,,,,,,
,,,,,,,,,,,,,,,,,,,,,,,,
,,,,,,,,,,,,,,,,,,,,,,,,
,,,,,,,,,,,,,,,,,,,,,,,,
,,,,,,,,,,,,,,,,,,,,,,,,
,,,,,,,,,,,,,,,,,,,,,,,,
,,,,,,,,,,,,,,,,,,,,,,,,
,,,,,,,,,,,,,,,,,,,,,,,,
,,,,,,,,,,,,,,,,,,,,,,,,
,,,,,,,,,,,,,,,,,,,,,,,,
,,,,,,,,,,,,,,,,,,,,,,,,
,,,,,,,,,,,,,,,,,,,,,,,,
,,,,,,,,,,,,,,,,,,,,,,,,
,,,,,,,,,,,,,,,,,,,,,,,,
,,,,,,,,,,,,,,,,,,,,,,,,
,,,,,,,,,,,,,,,,,,,,,,,,
,,,,,,,,,,,,,,,,,,,,,,,,
,,,,,,,,,,,,,,,,,,,,,,,,
,,,,,,,,,,,,,,,,,,,,,,,,
,,,,,,,,,,,,,,,,,,,,,,,,
,,,,,,,,,,,,,,,,,,,,,,,,
,,,,,,,,,,,,,,,,,,,,,,,,
,,,,,,,,,,,,,,,,,,,,,,,,
,,,,,,,,,,,,,,,,,,,,,,,,
,,,,,,,,,,,,,,,,,,,,,,,,
,,,,,,,,,,,,,,,,,,,,,,,,
,,,,,,,,,,,,,,,,,,,,,,,,
,,,,,,,,,,,,,,,,,,,,,,,,
,,,,,,,,,,,,,,,,,,,,,,,,
,,,,,,,,,,,,,,,,,,,,,,,,
,,,,,,,,,,,,,,,,,,,,,,,,
,,,,,,,,,,,,,,,,,,,,,,,,
,,,,,,,,,,,,,,,,,,,,,,,,
,,,,,,,,,,,,,,,,,,,,,,,,
,,,,,,,,,,,,,,,,,,,,,,,,
,,,,,,,,,,,,,,,,,,,,,,,,
,,,,,,,,,,,,,,,,,,,,,,,,
,,,,,,,,,,,,,,,,,,,,,,,,
,,,,,,,,,,,,,,,,,,,,,,,,
,,,,,,,,,,,,,,,,,,,,,,,,
,,,,,,,,,,,,,,,,,,,,,,,,
,,,,,,,,,,,,,,,,,,,,,,,,
,,,,,,,,,,,,,,,,,,,,,,,,
,,,,,,,,,,,,,,,,,,,,,,,,
,,,,,,,,,,,,,,,,,,,,,,,,
,,,,,,,,,,,,,,,,,,,,,,,,
,,,,,,,,,,,,,,,,,,,,,,,,
,,,,,,,,,,,,,,,,,,,,,,,,
,,,,,,,,,,,,,,,,,,,,,,,,
,,,,,,,,,,,,,,,,,,,,,,,,
,,,,,,,,,,,,,,,,,,,,,,,,
,,,,,,,,,,,,,,,,,,,,,,,,
,,,,,,,,,,,,,,,,,,,,,,,,
,,,,,,,,,,,,,,,,,,,,,,,,
,,,,,,,,,,,,,,,,,,,,,,,,
,,,,,,,,,,,,,,,,,,,,,,,,
,,,,,,,,,,,,,,,,,,,,,,,,
,,,,,,,,,,,,,,,,,,,,,,,,
,,,,,,,,,,,,,,,,,,,,,,,,
,,,,,,,,,,,,,,,,,,,,,,,,
,,,,,,,,,,,,,,,,,,,,,,,,
,,,,,,,,,,,,,,,,,,,,,,,,
,,,,,,,,,,,,,,,,,,,,,,,,
,,,,,,,,,,,,,,,,,,,,,,,,
,,,,,,,,,,,,,,,,,,,,,,,,
,,,,,,,,,,,,,,,,,,,,,,,,
,,,,,,,,,,,,,,,,,,,,,,,,
,,,,,,,,,,,,,,,,,,,,,,,,
,,,,,,,,,,,,,,,,,,,,,,,,
,,,,,,,,,,,,,,,,,,,,,,,,
,,,,,,,,,,,,,,,,,,,,,,,,
,,,,,,,,,,,,,,,,,,,,,,,,
,,,,,,,,,,,,,,,,,,,,,,,,
,,,,,,,,,,,,,,,,,,,,,,,,
,,,,,,,,,,,,,,,,,,,,,,,,
,,,,,,,,,,,,,,,,,,,,,,,,
,,,,,,,,,,,,,,,,,,,,,,,,
,,,,,,,,,,,,,,,,,,,,,,,,
,,,,,,,,,,,,,,,,,,,,,,,,
,,,,,,,,,,,,,,,,,,,,,,,,
,,,,,,,,,,,,,,,,,,,,,,,,
,,,,,,,,,,,,,,,,,,,,,,,,
,,,,,,,,,,,,,,,,,,,,,,,,
,,,,,,,,,,,,,,,,,,,,,,,,
,,,,,,,,,,,,,,,,,,,,,,,,
,,,,,,,,,,,,,,,,,,,,,,,,
